segment,segment_length,reading_count,total_name_count,example_splits,candidate_1,candidate_2,candidate_3,candidate_4,example_backed,review_pool,status,notes
ろう,2,815,6207,こうじろう (こう/じ/ろう) / しょうじろう (しょう/じ/ろう) / こうしろう (こ/うし/ろう) / けいじろう (けい/じ/ろう) / けんしろう (けん/し/ろう) / けいしろう (け/いし/ろう),郎,朗,郞,瀧,郎:1006 朗:173 郞:1,郎 朗 郞 瀧 滝 稜 露 浪,,
じ,1,330,5232,こうじろう (こう/じ/ろう) / しょうじろう (しょう/じ/ろう) / こうじ (こう/じ) / けいじろう (けい/じ/ろう) / しょうじ (しょ/う/じ) / けんじ (けん/じ),次,治,二,司,次:153 治:118 二:105 司:33 路:14 慈:9,次 治 二 司 路 慈 児 滋,,
ひろ,2,185,4163,ひろき (ひろ/き) / よしひろ (よし/ひろ) / あきひろ (あき/ひろ) / たかひろ (たか/ひろ) / ひろし (ひろ/し) / まさひろ (まさ/ひろ),裕,洋,大,浩,裕:34 洋:27 大:22 浩:16 紘:10 尋:5,裕 洋 大 浩 紘 尋 啓 潤,,
う,1,397,4156,しょうき (しょ/う/き) / しょうじ (しょ/う/じ) / しょうせい (しょ/う/せい) / けんしょう (けん/しょ/う) / しょうけん (しょ/う/けん) / りょうせい (りょ/う/せい),宇,羽,卯,右,宇:17 羽:8 卯:6 右:3 生:3 佑:2,宇 羽 卯 右 生 佑 雨 有,,
き,1,201,3695,こうき (こう/き) / ゆうき (ゆう/き) / しょうき (しょ/う/き) / ひろき (ひろ/き) / けんき (けん/き) / はるき (はる/き),輝,喜,樹,希,輝:41 喜:36 樹:26 希:26 貴:23 紀:15,輝 喜 樹 希 貴 紀 稀 生,,
あき,2,150,3340,あきひろ (あき/ひろ) / あきじ (あき/じ) / よしあき (よし/あき) / あきのり (あき/のり) / ひろあき (ひろ/あき) / あきたけ (あき/たけ),秋,章,彰,亮,秋:41 章:29 彰:24 亮:8 暁:4 旭:3,秋 章 彰 亮 暁 旭 陽 耀,,
よし,2,182,3334,よしひろ (よし/ひろ) / よしのり (よし/のり) / よしあき (よし/あき) / まさよし (まさ/よし) / よしたか (よし/たか) / ひろよし (ひろ/よし),義,芳,吉,佳,義:76 芳:42 吉:31 佳:17 喜:13 美:12,義 芳 吉 佳 喜 美 由 能,,
と,1,257,3147,ひろと (ひろ/と) / ゆうと (ゆう/と) / あきと (あき/と) / としき (と/しき) / ゆきと (ゆき/と) / よしと (よし/と),人,斗,都,登,人:101 斗:78 都:29 登:20 冬:3 途:2,人 斗 都 登 冬 途 土 音,,
すけ,2,301,2994,こうすけ (こう/すけ) / けんのすけ (けん/の/すけ) / ゆうすけ (ゆう/すけ) / こうのすけ (こう/の/すけ) / しょうすけ (しょ/う/すけ) / りょうすけ (りょ/う/すけ),助,介,輔,祐,助:161 介:126 輔:87 祐:45 佑:23 亮:10,助 介 輔 祐 佑 亮 資 佐,,
せい,2,133,2737,こうせい (こう/せい) / しょうせい (しょ/う/せい) / ゆうせい (ゆう/せい) / りょうせい (りょ/う/せい) / けんせい (けん/せい) / せいじ (せい/じ),誠,成,聖,清,誠:41 成:25 聖:22 清:20 正:16 星:13,誠 成 聖 清 正 星 生 征,,
こう,2,114,2683,こうき (こう/き) / こうじろう (こう/じ/ろう) / こうじ (こう/じ) / こうせい (こう/せい) / こうすけ (こう/すけ) / こうのすけ (こう/の/すけ),光,幸,孝,耕,光:27 幸:21 孝:16 耕:13 浩:9 康:7,光 幸 孝 耕 浩 康 功 航,,
た,1,311,2566,たかし (た/かし) / たかお (た/かお) / たつき (た/つき) / たくみ (た/くみ) / けいたろう (けい/た/ろう) / たかき (た/かき),太,大,多,民,太:308 大:28 多:23 民:3 田:2,太 大 多 民 田 舵 玉 北,,
けん,2,82,2403,けんしょう (けん/しょ/う) / しょうけん (しょ/う/けん) / けんき (けん/き) / けんじ (けん/じ) / けんのすけ (けん/の/すけ) / けんしろう (けん/し/ろう),賢,健,謙,憲,賢:41 健:35 謙:14 憲:8 研:6 顕:5,賢 健 謙 憲 研 顕 堅 剣,,
しょ,2,103,2277,しょうき (しょ/う/き) / しょうじ (しょ/う/じ) / しょうせい (しょ/う/せい) / けんしょう (けん/しょ/う) / しょうけん (しょ/う/けん) / けいしょう (けい/しょ/う),緖,曙,渚,初,,緖 曙 渚 初 緒 恕 埜 野,,
まさ,2,159,2228,まさひろ (まさ/ひろ) / まさのり (まさ/のり) / まさよし (まさ/よし) / まさあき (まさ/あき) / まさし (まさ/し) / あきまさ (あき/まさ),正,雅,政,昌,正:110 雅:48 政:33 昌:32 真:15 理:2,正 雅 政 昌 真 理 順 賢,,
ま,1,174,2138,きくま (きく/ま) / まさき (ま/さき) / ゆうま (ゆう/ま) / まさと (ま/さと) / せいま (せい/ま) / そうま (そう/ま),真,馬,磨,麻,真:71 馬:31 磨:14 麻:14 眞:14 摩:11,真 馬 磨 麻 眞 摩 万 満,,
ゆう,2,98,2109,ゆうき (ゆう/き) / ゆうせい (ゆう/せい) / ゆうじ (ゆう/じ) / けんゆう (けん/ゆう) / ゆうすけ (ゆう/すけ) / ゆうま (ゆう/ま),雄,優,勇,祐,雄:39 優:23 勇:21 祐:15 悠:13 裕:13,雄 優 勇 祐 悠 裕 由 結,,
のり,2,141,2093,よしのり (よし/のり) / あきのり (あき/のり) / まさのり (まさ/のり) / たかのり (たか/のり) / のりお (のり/お) / ひろのり (ひろ/のり),則,紀,規,典,則:38 紀:37 規:29 典:27 徳:24 憲:19,則 紀 規 典 徳 憲 範 宣,,
お,1,201,1989,ゆうお (ゆう/お) / ゆきお (ゆき/お) / れお (れ/お) / あきお (あき/お) / のりお (のり/お) / みちお (みち/お),夫,雄,男,央,夫:62 雄:58 男:50 央:18 生:18 音:5,夫 雄 男 央 生 音 郎 緒,,
たか,2,154,1983,たかひろ (たか/ひろ) / たかのり (たか/のり) / よしたか (よし/たか) / ひろたか (ひろ/たか) / たかあき (たか/あき) / たかよし (たか/よし),高,孝,貴,敬,高:66 孝:59 貴:37 敬:5 鷹:4 天:3,高 孝 貴 敬 鷹 天 剛 太,,
はる,2,159,1838,はるき (はる/き) / きはる (き/はる) / はると (はる/と) / よしはる (よし/はる) / はるま (はる/ま) / はるひろ (はる/ひろ),晴,春,陽,治,晴:68 春:55 陽:49 治:49 遥:23 暖:3,晴 春 陽 治 遥 暖 美 東,,
ゆき,2,145,1683,ひろゆき (ひろ/ゆき) / ゆきひろ (ゆき/ひろ) / よしゆき (よし/ゆき) / ゆきと (ゆき/と) / ゆきお (ゆき/お) / たかゆき (たか/ゆき),幸,之,行,雪,幸:85 之:60 行:56 雪:32 征:2 潔:1,幸 之 行 雪 征 潔 志 廉,,
とし,2,143,1485,さとし (さ/とし) / あきとし (あき/とし) / ひろとし (ひろ/とし) / まさとし (まさ/とし) / としあき (とし/あき) / のりとし (のり/とし),敏,利,俊,寿,敏:57 利:42 俊:40 寿:25 年:13 稔:9,敏 利 俊 寿 年 稔 紀 智,,
いち,2,284,1444,こういち (こう/いち) / こういちろう (こう/いち/ろう) / しょういちろう (しょう/いち/ろう) / しょういち (しょ/う/いち) / しんいちろう (しん/いち/ろう) / そういちろう (そう/いち/ろう),一,市,壱,逸,一:360 市:50 壱:6,一 市 壱 逸 逸 苺 都,,
しん,2,138,1418,けんしん (けん/しん) / しんじ (しん/じ) / けいしん (けい/しん) / ゆうしん (ゆう/しん) / しんや (しん/や) / しんご (しん/ご),進,真,心,信,進:51 真:33 心:27 信:20 慎:15 伸:12,進 真 心 信 慎 伸 新 晋,,
し,1,150,1401,けんしろう (けん/し/ろう) / ひろし (ひろ/し) / まさし (まさ/し) / あつし (あつ/し) / けんし (けん/し) / たけし (たけ/し),志,四,士,史,志:48 四:29 士:24 史:21 詩:14 司:13,志 四 士 史 詩 司 至 紫,,
けい,2,72,1341,けいじろう (けい/じ/ろう) / けいしょう (けい/しょ/う) / けいじ (けい/じ) / けいすけ (けい/すけ) / けいせい (けい/せい) / けいしん (けい/しん),敬,啓,圭,恵,敬:22 啓:18 圭:16 恵:12 慶:7 桂:4,敬 啓 圭 恵 慶 桂 景 慧,,
の,1,204,1318,けんのすけ (けん/の/すけ) / こうのすけ (こう/の/すけ) / しんのすけ (しん/の/すけ) / けいのすけ (けい/の/すけ) / りょうのしん (りょう/の/しん) / りょうのすけ (りょう/の/すけ),之,乃,野,埜,之:256 乃:26 野:2,之 乃 野 埜 能,,
しげ,2,146,1306,しげき (しげ/き) / しげひろ (しげ/ひろ) / しげよし (しげ/よし) / しげあき (しげ/あき) / しげのり (しげ/のり) / しげお (しげ/お),重,茂,成,薫,重:123 茂:69 成:17 薫:3 篤:1 誠:1,重 茂 成 薫 篤 誠 鎮 林,,
や,1,155,1294,しんや (しん/や) / ゆきや (ゆき/や) / けんや (けん/や) / あきや (あき/や) / じゅんや (じゅん/や) / ひろや (ひろ/や),也,弥,哉,矢,也:79 弥:44 哉:38 矢:23 八:14 彌:12,也 弥 哉 矢 八 彌 耶 野,,
やす,2,130,1287,やすあき (やす/あき) / やすひろ (やす/ひろ) / やすのり (やす/のり) / やすし (やす/し) / やすま (やす/ま) / やすお (やす/お),泰,靖,恭,裕,泰:57 靖:37 恭:7 裕:2 鎮:2 育:1,泰 靖 恭 裕 鎮 育 快 容,,
かず,2,143,1143,かずき (かず/き) / よしかず (よし/かず) / かずひろ (かず/ひろ) / かずお (かず/お) / かずよし (かず/よし) / かずあき (かず/あき),和,一,壱,知,和:117 一:90 壱:2 知:1 航:1 寿:1,和 一 壱 知 航 寿 宗 萬,,
たけ,2,122,1132,あきたけ (あき/たけ) / たけし (たけ/し) / たけひろ (たけ/ひろ) / たけお (たけ/お) / たける (たけ/る) / たけま (たけ/ま),武,竹,威,剛,武:80 竹:30 威:23 剛:15 丈:9 岳:7,武 竹 威 剛 丈 岳 雄 猛,,
のぶ,2,119,1130,あきのぶ (あき/のぶ) / よしのぶ (よし/のぶ) / のぶひろ (のぶ/ひろ) / たかのぶ (たか/のぶ) / ひろのぶ (ひろ/のぶ) / まさのぶ (まさ/のぶ),信,伸,宣,暢,信:88 伸:31 宣:24 暢:13 延:13 展:6,信 伸 宣 暢 延 展 喜 庸,,
ご,1,136,1105,しょうご (しょ/う/ご) / ゆうご (ゆう/ご) / しんご (しん/ご) / けんご (けん/ご) / せいご (せい/ご) / けいご (けい/ご),悟,五,吾,梧,悟:55 五:50 吾:48 梧:9 護:7 伍:5,悟 五 吾 梧 護 伍 午 冴,,
りょ,2,68,1072,りょうせい (りょ/う/せい) / りょうき (りょ/う/き) / りょうすけ (りょ/う/すけ) / りょうま (りょ/うま) / りょうじ (りょ/う/じ) / りょうた (りょ/うた),旅,侶,呂,,,旅 侶 呂,,
みち,2,130,1033,みちお (みち/お) / あきみち (あき/みち) / みちひろ (みち/ひろ) / ひろみち (ひろ/みち) / みちあき (みち/あき) / みちき (みち/き),道,通,路,迪,道:129 通:45 路:13 迪:7 倫:2 理:2,道 通 路 迪 倫 理 充 行,,
とも,2,112,984,ともき (とも/き) / ともひろ (とも/ひろ) / あきとも (あき/とも) / ともあき (とも/あき) / よしとも (よし/とも) / とものり (とも/のり),知,智,友,朋,知:62 智:42 友:39 朋:22 倫:5 朝:3,知 智 友 朋 倫 朝 大 伴,,
あ,1,132,979,あきら (あ/きら) / あつき (あ/つき) / あきみ (あ/きみ) / あいき (あ/いき) / あせい (あ/せい) / あおと (あ/おと),亜,愛,阿,安,亜:35 愛:16 阿:3 安:2 雅:1 亞:1,亜 愛 阿 安 雅 亞 彩 娃,,
こ,1,56,978,こうしろう (こ/うし/ろう) / こうし (こ/うし) / こうや (こ/うや) / こうま (こ/うま) / こうた (こ/うた) / こうたろう (こ/うた/ろう),小,虎,琥,瑚,小:16 虎:8 琥:3 瑚:1 古:1 鼓:1,小 虎 琥 瑚 古 鼓 胡 虹,,
えい,2,111,926,えいじ (えい/じ) / えいこう (えい/こう) / しょうえい (しょ/う/えい) / えいしょう (えい/しょ/う) / こうえい (こう/えい) / えいせい (えい/せい),英,栄,瑛,永,英:66 栄:55 瑛:9 永:9 衛:6 榮:5,英 栄 瑛 永 衛 榮 映 詠,,
ひで,2,158,906,ひでき (ひで/き) / ひでのり (ひで/のり) / ひであき (ひで/あき) / ひでお (ひで/お) / よしひで (よし/ひで) / あきひで (あき/ひで),秀,英,豪,栄,秀:140 英:123 豪:4 栄:1,秀 英 豪 栄 薫 穂 一 幸,,
そう,2,73,878,そうせい (そう/せい) / そうま (そう/ま) / そうすけ (そう/すけ) / そうじ (そう/じ) / そうじろう (そう/じ/ろう) / そうた (そう/た),蒼,宗,颯,創,蒼:19 宗:18 颯:15 創:9 惣:7 聡:6,蒼 宗 颯 創 惣 聡 壮 荘,,
しゅ,2,94,849,しゅうじ (しゅ/う/じ) / しゅうと (しゅ/う/と) / しゅうせい (しゅ/う/せい) / しゅうしろう (しゅ/うし/ろう) / けんしゅう (けん/しゅ/う) / けいしゅう (けい/しゅ/う),守,修,主,珠,守:5 修:4 主:4 珠:2 朱:1,守 修 主 珠 朱 鐘 須 趣,,
あつ,2,73,809,あつし (あつ/し) / あつひろ (あつ/ひろ) / あつよし (あつ/よし) / あつじ (あつ/じ) / あつあき (あつ/あき) / あつのり (あつ/のり),篤,淳,厚,充,篤:68 淳:15 厚:13 充:3 温:1 忠:1,篤 淳 厚 充 温 忠 諄 徳,,
ぞう,2,155,784,こうぞう (こう/ぞう) / けんぞう (けん/ぞう) / しょうぞう (しょ/う/ぞう) / ゆうぞう (ゆう/ぞう) / しんぞう (しん/ぞう) / せいぞう (せい/ぞう),三,蔵,造,藏,三:113 蔵:52 造:52 藏:5 象:2,三 蔵 造 藏 象 曽 増,,
うし,2,29,780,こうしろう (こ/うし/ろう) / こうし (こ/うし) / しゅうしろう (しゅ/うし/ろう) / ゆうし (ゆ/うし) / そうし (そ/うし) / きょうしろう (きょ/うし/ろう),丑,牛,,,丑:2,丑 牛,,
りゅう,3,81,780,りゅうせい (りゅう/せい) / りゅうき (りゅう/き) / りゅうじ (りゅう/じ) / りゅうのすけ (りゅう/の/すけ) / りゅうと (りゅう/と) / りゅうすけ (りゅう/すけ),龍,隆,竜,琉,龍:56 隆:30 竜:22 琉:14 流:5 立:3,龍 隆 竜 琉 流 立 瑠 柳,,
み,1,158,757,ひろみ (ひろ/み) / まさみ (まさ/み) / よしみ (よし/み) / みつき (み/つき) / みたか (み/たか) / しげみ (しげ/み),美,未,巳,実,美:50 未:14 巳:14 実:12 海:12 光:10,美 未 巳 実 海 光 己 三,,
みつ,2,106,729,よしみつ (よし/みつ) / みつひろ (みつ/ひろ) / あきみつ (あき/みつ) / みつあき (みつ/あき) / みつしろう (みつ/し/ろう) / みつお (みつ/お),光,満,充,三,光:112 満:34 充:17 三:4 実:1 舜:1,光 満 充 三 実 舜 慎 允,,
ひさ,2,112,690,あきひさ (あき/ひさ) / ひさし (ひさ/し) / よしひさ (よし/ひさ) / ひさよし (ひさ/よし) / ひさのり (ひさ/のり) / たかひさ (たか/ひさ),久,寿,尚,悠,久:126 寿:24 尚:14 悠:3 央:3 永:2,久 寿 尚 悠 央 永 長 剛,,
さだ,2,108,687,さだひろ (さだ/ひろ) / さだあき (さだ/あき) / ひろさだ (ひろ/さだ) / さだよし (さだ/よし) / さだじ (さだ/じ) / よしさだ (よし/さだ),貞,禎,憲,真,貞:137 禎:5,貞 禎 憲 真 治 安 覚 寧,,
り,1,117,683,りき (り/き) / りく (り/く) / ゆうり (ゆう/り) / りお (り/お) / りおと (り/おと) / かいり (かい/り),理,里,利,璃,理:32 里:30 利:17 璃:11 莉:8 吏:6,理 里 利 璃 莉 吏 李 力,,
ふみ,2,97,678,よしふみ (よし/ふみ) / ひろふみ (ひろ/ふみ) / ふみひろ (ふみ/ひろ) / たかふみ (たか/ふみ) / あきふみ (あき/ふみ) / まさふみ (まさ/ふみ),文,史,典,章,文:115 史:57 典:2 章:1 郁:1,文 史 典 章 郁 書 美 良,,
かつ,2,97,662,かつじろう (かつ/じ/ろう) / かつひろ (かつ/ひろ) / かつじ (かつ/じ) / まさかつ (まさ/かつ) / かつあき (かつ/あき) / かつよし (かつ/よし),勝,克,活,且,勝:93 克:52 活:4 且:2 捷:1 豪:1,勝 克 活 且 捷 豪 桂 雄,,
い,1,102,650,えい (え/い) / いつき (い/つき) / るい (る/い) / いさお (い/さお) / あおい (あお/い) / かい (か/い),伊,偉,生,惟,伊:20 偉:13 生:10 惟:5 威:4 唯:4,伊 偉 生 惟 威 唯 一 維,,
じゅん,3,51,628,じゅんせい (じゅん/せい) / じゅんき (じゅん/き) / じゅんや (じゅん/や) / じゅんま (じゅん/ま) / じゅんご (じゅん/ご) / じゅんじ (じゅん/じ),順,純,淳,潤,順:26 純:23 淳:13 潤:5 惇:4 準:3,順 純 淳 潤 惇 準 絢 隼,,
たつ,2,79,625,たつひろ (たつ/ひろ) / たつじ (たつ/じ) / たつよし (たつ/よし) / たつお (たつ/お) / たつのり (たつ/のり) / たつあき (たつ/あき),達,辰,龍,竜,達:49 辰:40 龍:31 竜:8 立:6 起:1,達 辰 龍 竜 立 起 建 樹,,
くに,2,103,592,くにひろ (くに/ひろ) / くによし (くに/よし) / くにあき (くに/あき) / あきくに (あき/くに) / よしくに (よし/くに) / くにのり (くに/のり),邦,国,國,州,邦:109 国:44 國:10 州:3 都:2 城:1,邦 国 國 州 都 城 訓 晋,,
てる,2,111,588,あきてる (あき/てる) / てるき (てる/き) / よしてる (よし/てる) / てるお (てる/お) / てるよし (てる/よし) / たかてる (たか/てる),輝,照,晃,央,輝:104 照:58 晃:8 央:3 明:2 耀:1,輝 照 晃 央 明 耀 映 瑛,,
うた,2,31,582,こうた (こ/うた) / こうたろう (こ/うた/ろう) / しょうた (しょ/うた) / りょうた (りょ/うた) / しょうたろう (しょ/うた/ろう) / りょうたろう (りょ/うた/ろう),詩,歌,唄,唱,詩:11 歌:1,詩 歌 唄 唱 吟,,
いき,2,17,565,けいき (け/いき) / えいき (え/いき) / らいき (ら/いき) / あいき (あ/いき) / たいき (た/いき) / せいき (せ/いき),生,翼,粹,粋,生:2,生 翼 粹 粋 気 氣,,
か,1,121,563,かいと (か/いと) / ゆたか (ゆた/か) / かつき (か/つき) / かいき (か/いき) / かい (か/い) / かずみ (か/ずみ),嘉,佳,華,香,嘉:14 佳:11 華:8 香:5 和:4 夏:2,嘉 佳 華 香 和 夏 加 河,,
しゅん,3,48,537,しゅんすけ (しゅん/すけ) / しゅんじろう (しゅん/じ/ろう) / しゅんき (しゅん/き) / しゅんじ (しゅん/じ) / しゅんま (しゅん/ま) / しゅんと (しゅん/と),俊,駿,舜,春,俊:31 駿:19 舜:7 春:7 隼:5 峻:5,俊 駿 舜 春 隼 峻 瞬 遵,,
なお,2,120,529,なおひろ (なお/ひろ) / なおとし (なお/とし) / なおあき (なお/あき) / よしなお (よし/なお) / なおゆき (なお/ゆき) / なおまさ (なお/まさ),尚,由,真,修,尚:52 由:1 真:1 修:1,尚 由 真 修 実 正 君 順,,
ひと,2,106,524,よしひと (よし/ひと) / あきひと (あき/ひと) / たかひと (たか/ひと) / まさひと (まさ/ひと) / のりひと (のり/ひと) / ひろひと (ひろ/ひと),人,仁,士,一,人:75 仁:66 士:3 一:2 史:1,人 仁 士 一 史 親 眸 仙,,
しょう,3,12,500,しょうじろう (しょう/じ/ろう) / しょういちろう (しょう/いち/ろう) / しょうきちろう (しょう/きち/ろう) / しょうのすけ (しょう/の/すけ) / しょうごろう (しょう/ご/ろう) / しょうじゅうろう (しょう/じゅう/ろう),翔,正,将,彰,翔:5 正:2 将:2 彰:1 章:1 昭:1,翔 正 将 彰 章 昭 昇 晶,,
る,1,49,470,るき (る/き) / たける (たけ/る) / るい (る/い) / はる (は/る) / るきや (る/き/や) / るきと (る/き/と),瑠,琉,流,光,瑠:16 琉:12 流:2,瑠 琉 流 光 児,,
うや,2,13,464,こうや (こ/うや) / ゆうや (ゆ/うや) / りょうや (りょ/うや) / とうや (と/うや) / そうや (そ/うや) / しょうや (しょ/うや),礼,,,,,礼,,
よ,1,81,452,よしき (よ/しき) / よしお (よ/しお) / よう (よ/う) / ちよかず (ち/よ/かず) / ちよと (ち/よ/と) / ようしろう (よ/うし/ろう),代,世,与,誉,代:34 世:25 与:10 誉:7 四:3 容:1,代 世 与 誉 四 容 予 於,,
ひこ,2,131,433,よしひこ (よし/ひこ) / まさひこ (まさ/ひこ) / あきひこ (あき/ひこ) / たけひこ (たけ/ひこ) / のりひこ (のり/ひこ) / たかひこ (たか/ひこ),彦,良,久,人,彦:158,彦 良 久 人 位,,
さと,2,53,432,まさと (ま/さと) / さとじ (さと/じ) / あきさと (あき/さと) / さとのり (さと/のり) / ひさと (ひ/さと) / さとや (さと/や),里,聡,郷,聖,里:30 聡:15 郷:9 聖:6 達:5 知:1,里 聡 郷 聖 達 知 理 諭,,
いし,2,24,430,けいしろう (け/いし/ろう) / けいし (け/いし) / せいしろう (せ/いし/ろう) / えいしろう (え/いし/ろう) / あいしろう (あ/いし/ろう) / えいし (え/いし),石,,,,石:1,石,,
れい,2,35,426,れいじ (れい/じ) / れいせい (れい/せい) / れいま (れい/ま) / れいすけ (れい/すけ) / れいと (れい/と) / れいのすけ (れい/の/すけ),礼,令,麗,玲,礼:14 令:8 麗:7 玲:6 黎:6 怜:6,礼 令 麗 玲 黎 怜 禮 嶺,,
うま,2,10,420,こうま (こ/うま) / しょうま (しょ/うま) / りょうま (りょ/うま) / とうま (と/うま) / しゅうま (しゅ/うま) / きょうま (きょ/うま),馬,午,宇,,馬:7,馬 午 宇,,
ただ,2,102,405,ただし (ただ/し) / ただひろ (ただ/ひろ) / ただお (ただ/お) / ただよし (ただ/よし) / あきただ (あき/ただ) / ただすけ (ただ/すけ),忠,唯,匡,伊,忠:125 唯:5 匡:4 伊:3 理:2 惟:1,忠 唯 匡 伊 理 惟 真 維,,
つき,2,22,403,あつき (あ/つき) / たつき (た/つき) / いつき (い/つき) / かつき (か/つき) / みつき (み/つき) / さつき (さ/つき),月,槻,,,月:16,月 槻,,
よう,2,62,402,ようすけ (よう/すけ) / ようじ (よう/じ) / ようせい (よう/せい) / こうよう (こう/よう) / ようま (よう/ま) / よういち (よう/いち),陽,洋,耀,庸,陽:38 洋:27 耀:6 庸:4 遥:3 葉:3,陽 洋 耀 庸 遥 葉 要 養,,
げん,2,70,377,げんき (げん/き) / げんま (げん/ま) / げんじ (げん/じ) / げんた (げん/た) / げんご (げん/ご) / げんたろう (げん/た/ろう),玄,源,元,弦,玄:43 源:30 元:16 弦:3 言:2 原:2,玄 源 元 弦 言 原 彦 嚴,,
きょ,2,41,375,きょうじ (きょ/う/じ) / きょうすけ (きょ/う/すけ) / きょうしろう (きょ/うし/ろう) / きょうせい (きょ/う/せい) / きょうや (きょ/うや) / きょうご (きょ/う/ご),巨,,,,巨:2,巨,,
きみ,2,35,369,あきみ (あ/きみ) / きみよし (きみ/よし) / きみあき (きみ/あき) / ひろきみ (ひろ/きみ) / よしきみ (よし/きみ) / きみのり (きみ/のり),公,君,王,侯,公:48 君:8 王:1 侯:1 主:1,公 君 王 侯 主 皇 卿 竜,,
かね,2,73,364,かねひろ (かね/ひろ) / かねよし (かね/よし) / かねのり (かね/のり) / かねのぶ (かね/のぶ) / かねはる (かね/はる) / かねとし (かね/とし),謙,兼,金,周,謙:48 兼:30 金:29 周:4 包:3,謙 兼 金 周 包 鐘 鉄 錦,,
ゆ,1,47,362,ゆうや (ゆ/うや) / ゆうし (ゆ/うし) / ゆう (ゆ/う) / ゆいき (ゆ/いき) / ゆうしろう (ゆ/うし/ろう) / ゆうい (ゆ/うい),由,優,夢,唯,由:9 優:7 夢:4 唯:4 裕:3 祐:3,由 優 夢 唯 裕 祐 諭 悠,,
もと,2,95,361,もとひろ (もと/ひろ) / もとはる (もと/はる) / もとあき (もと/あき) / もとゆき (もと/ゆき) / もとや (もと/や) / もとよし (もと/よし),元,基,源,本,元:86 基:32 源:7 本:6 幹:5 素:4,元 基 源 本 幹 素 資 泉,,
け,1,10,360,けいき (け/いき) / けいしろう (け/いし/ろう) / けいし (け/いし) / けいや (け/いや) / けい (け/い) / けいん (け/いん),華,花,稀,希,,華 花 稀 希 快 気 氣 家,,
せ,1,52,360,せいや (せ/いや) / せいしろう (せ/いし/ろう) / せいき (せ/いき) / せな (せ/な) / せい (せ/い) / せいし (せ/いし),世,聖,星,瀬,世:30 聖:6 星:6 瀬:2 勢:2 汐:1,世 聖 星 瀬 勢 汐 瀨 施,,
つぐ,2,80,360,ひろつぐ (ひろ/つぐ) / あきつぐ (あき/つぐ) / よしつぐ (よし/つぐ) / まさつぐ (まさ/つぐ) / のりつぐ (のり/つぐ) / たかつぐ (たか/つぐ),継,次,嗣,紹,継:40 次:35 嗣:31 紹:4 二:3 緒:1,継 次 嗣 紹 二 緒 治 丞,,
さ,1,64,356,さとし (さ/とし) / さとる (さ/とる) / さつき (さ/つき) / さとき (さ/とき) / さくま (さ/くま) / さく (さ/く),佐,左,聡,彩,佐:16 左:8 聡:5 彩:4 咲:3 沙:2,佐 左 聡 彩 咲 沙 瑳 紗,,
え,1,63,342,えい (え/い) / えいき (え/いき) / えいしろう (え/いし/ろう) / えいし (え/いし) / えいや (え/いや) / えいる (え/いる),衛,栄,恵,江,衛:28 栄:7 恵:5 江:3 永:3 瑛:2,衛 栄 恵 江 永 瑛 枝 絵,,
きち,2,134,340,しょうきちろう (しょう/きち/ろう) / こうきち (こう/きち) / しょうきち (しょ/う/きち) / けんきち (けん/きち) / しんきち (しん/きち) / そうきち (そう/きち),吉,,,,吉:168,吉,,
ひ,1,74,334,ひとし (ひ/とし) / ひかる (ひ/かる) / ひさお (ひ/さお) / ひさと (ひ/さと) / ゆうひ (ゆう/ひ) / あさひ (あさ/ひ),陽,飛,日,緋,陽:28 飛:11 日:10 緋:3 一:2 燈:1,陽 飛 日 緋 一 燈 火 氷,,
なり,2,79,329,よしなり (よし/なり) / あきなり (あき/なり) / まさなり (まさ/なり) / かずなり (かず/なり) / やすなり (やす/なり) / たかなり (たか/なり),成,也,孝,斉,成:80 也:25 孝:3 斉:3 誠:2 徳:1,成 也 孝 斉 誠 徳 生 勢,,
へい,2,93,319,こうへい (こう/へい) / しょうへい (しょ/う/へい) / りょうへい (りょ/う/へい) / そうへい (そう/へい) / しゅうへい (しゅ/う/へい) / ゆうへい (ゆう/へい),平,兵,併,並,平:114 兵:3,平 兵 併 並,,
きよ,2,88,317,きよじ (きよ/じ) / きよひろ (きよ/ひろ) / きよあき (きよ/あき) / きよはる (きよ/はる) / きよたか (きよ/たか) / きよのり (きよ/のり),清,聖,潔,澄,清:92 聖:4 潔:2 澄:1 磨:1 青:1,清 聖 潔 澄 磨 青 馨 碧,,
な,1,64,313,なおき (な/おき) / なおと (な/おと) / せな (せ/な) / なお (な/お) / なつき (な/つき) / なおや (な/おや),那,奈,七,名,那:10 奈:5 七:5 名:3 凪:2 梛:1,那 奈 七 名 凪 梛 渚 菜,,
ち,1,88,311,ちひろ (ち/ひろ) / ちあき (ち/あき) / ちかし (ち/かし) / ちわき (ち/わ/き) / ちかお (ち/かお) / ちはる (ち/はる),千,智,知,地,千:47 智:16 知:15 地:2 治:1,千 智 知 地 治 直 馳 質,,
だい,2,78,308,こうだい (こう/だい) / だいすけ (だい/すけ) / だいご (だい/ご) / ゆうだい (ゆう/だい) / きだい (き/だい) / けんだい (けん/だい),大,太,代,内,大:99 太:2 代:1 内:1,大 太 代 内 奈 乃 悌 能,,
ちか,2,92,295,あきちか (あき/ちか) / ちかひろ (ちか/ひろ) / ちかよし (ちか/よし) / まさちか (まさ/ちか) / ともちか (とも/ちか) / ちかのり (ちか/のり),親,周,慈,愛,親:117 周:6 慈:2 愛:2 央:2 史:2,親 周 慈 愛 央 史 誓 睦,,
れん,2,29,295,れんま (れん/ま) / れんじ (れん/じ) / れんと (れん/と) / れんや (れん/や) / れんし (れん/し) / れんたろう (れん/た/ろう),蓮,廉,錬,連,蓮:29 廉:10 錬:4 連:4 怜:3 煉:1,蓮 廉 錬 連 怜 煉 漣 鍊,,
おき,2,84,291,なおき (な/おき) / あおき (あ/おき) / おきひろ (おき/ひろ) / おきのり (おき/のり) / おきよし (おき/よし) / ひろおき (ひろ/おき),興,宙,起,沖,興:114 宙:3 起:3 沖:2 生:1,興 宙 起 沖 生 知 隆 陽,,
もり,2,77,291,もりお (もり/お) / もりひろ (もり/ひろ) / もりよし (もり/よし) / もりあき (もり/あき) / もりゆき (もり/ゆき) / よしもり (よし/もり),盛,守,護,森,盛:70 守:35 護:7 森:5 衛:4 杜:3,盛 守 護 森 衛 杜 保 隆,,
いく,2,47,285,いくお (いく/お) / いくじ (いく/じ) / いくま (いく/ま) / いくと (いく/と) / いくひろ (いく/ひろ) / いくや (いく/や),郁,育,生,幾,郁:34 育:27 生:6 幾:3 行:1,郁 育 生 幾 行 活 如,,
あい,2,24,284,あいじろう (あい/じ/ろう) / あいこう (あい/こう) / あいせい (あい/せい) / あいすけ (あい/すけ) / あいじ (あい/じ) / あいしん (あい/しん),藍,愛,相,娃,藍:25 愛:22,藍 愛 相 娃 和 会 逢 合,,
が,1,36,280,こうが (こう/が) / ゆうが (ゆう/が) / りょうが (りょ/う/が) / りゅうが (りゅう/が) / おうが (おう/が) / がく (が/く),雅,我,賀,芽,雅:18 我:8 賀:3 芽:1 牙:1,雅 我 賀 芽 牙 駕 伽 臥,,
れ,1,36,280,れお (れ/お) / れいや (れ/いや) / れいき (れ/いき) / れい (れ/い) / れおと (れ/おと) / れおん (れ/おん),玲,麗,怜,礼,玲:15 麗:7 怜:7 礼:6 澪:1,玲 麗 怜 礼 澪 蓮 令 黎,,
く,1,74,274,りく (り/く) / くにお (く/にお) / がく (が/く) / はく (は/く) / さく (さ/く) / りゅうく (りゅう/く),九,久,空,玖,九:14 久:7 空:6 玖:5 琥:2 功:2,九 久 空 玖 琥 功 駈 駆,,
さく,2,81,273,こうさく (こう/さく) / ゆうさく (ゆう/さく) / けんさく (けん/さく) / しんさく (しん/さく) / さくや (さく/や) / けいさく (けい/さく),作,策,朔,咲,作:84 策:8 朔:7 咲:5,作 策 朔 咲 析 開,,
ごう,2,45,272,ごうき (ごう/き) / ごうせい (ごう/せい) / けんごう (けん/ごう) / けいごう (けい/ごう) / ごうしん (ごう/しん) / ごうけん (ごう/けん),豪,剛,郷,楽,豪:30 剛:27 郷:6,豪 剛 郷 楽 昂 合 強 格,,
すみ,2,58,272,きすみ (き/すみ) / ひろすみ (ひろ/すみ) / あきすみ (あき/すみ) / まさすみ (まさ/すみ) / たかすみ (たか/すみ) / ますみ (ま/すみ),純,澄,角,墨,純:60 澄:28 角:1,純 澄 角 墨 篤 遥 誠 清,,
きく,2,31,271,きくま (きく/ま) / きくお (きく/お) / きくじ (きく/じ) / きくや (きく/や) / きくじろう (きく/じ/ろう) / きくぞう (きく/ぞう),菊,聽,聞,聴,菊:32,菊 聽 聞 聴 効 利,,
しき,2,6,268,よしき (よ/しき) / としき (と/しき) / ほしき (ほ/しき) / しきと (しき/と) / しきみ (しき/み) / にしき (に/しき),式,織,識,色,式:1,式 織 識 色 布,,
とき,2,71,259,もとき (も/とき) / ときお (とき/お) / さとき (さ/とき) / ときや (とき/や) / よしとき (よし/とき) / おとき (お/とき),時,宗,辰,言,時:59 宗:4 辰:3 言:3 季:2 秋:1,時 宗 辰 言 季 秋 聡 朝,,
かん,2,42,254,かんじ (かん/じ) / かんき (かん/き) / かんた (かん/た) / かんたろう (かん/た/ろう) / かんすけ (かん/すけ) / かん (かん),寛,貫,幹,観,寛:18 貫:16 幹:9 観:3 完:3 歓:2,寛 貫 幹 観 完 歓 環 敢,,
きん,2,30,251,きんじろう (きん/じ/ろう) / きんじ (きん/じ) / きんしろう (きん/し/ろう) / きんごろう (きん/ご/ろう) / きんや (きん/や) / きんのすけ (きん/の/すけ),金,欣,錦,公,金:19 欣:8 錦:5 公:5 欽:3 謹:3,金 欣 錦 公 欽 謹 衿 均,,
ずみ,2,27,247,よしずみ (よし/ずみ) / かずみ (か/ずみ) / ひろずみ (ひろ/ずみ) / あきずみ (あき/ずみ) / たけずみ (たけ/ずみ) / たかずみ (たか/ずみ),泉,,,,,泉,,
なが,2,82,246,ながよし (なが/よし) / ながのり (なが/のり) / よしなが (よし/なが) / しげなが (しげ/なが) / ながあき (なが/あき) / ながひろ (なが/ひろ),長,永,良,脩,長:98 永:23 良:4 脩:3 久:2,長 永 良 脩 久 隆 暢 肇,,
そ,1,35,245,そうし (そ/うし) / そうや (そ/うや) / そら (そ/ら) / そうしろう (そ/うし/ろう) / そう (そ/う) / そうい (そ/うい),想,素,十,三,想:5 素:4 十:4 三:3 湊:1 創:1,想 素 十 三 湊 創 初 楚,,
てつ,2,50,240,てつひろ (てつ/ひろ) / てつじ (てつ/じ) / てつお (てつ/お) / てつま (てつ/ま) / てつし (てつ/し) / てつと (てつ/と),哲,鉄,徹,綴,哲:46 鉄:26 徹:10,哲 鉄 徹 綴,,
ら,1,49,236,らいき (ら/いき) / そら (そ/ら) / らいや (ら/いや) / せら (せ/ら) / ゆら (ゆ/ら) / らいが (ら/いが),羅,良,來,来,羅:12 良:9 來:5 来:4 楽:3 徠:3,羅 良 來 来 楽 徠 等 蕾,,
つね,2,82,236,つねお (つね/お) / つねよし (つね/よし) / つねのり (つね/のり) / つねゆき (つね/ゆき) / みちつね (みち/つね) / よしつね (よし/つね),恒,常,経,庸,恒:61 常:51 経:9 庸:4 統:2 則:2,恒 常 経 庸 統 則 典 法,,
たい,2,56,235,たいせい (たい/せい) / たいすけ (たい/すけ) / たいしん (たい/しん) / たいぞう (たい/ぞう) / たいじ (たい/じ) / たいよう (たい/よう),泰,大,太,代,泰:33 大:26 太:12,泰 大 太 代 梯 帝,,
おう,2,43,234,おうき (おう/き) / おうすけ (おう/すけ) / おうせい (おう/せい) / おうが (おう/が) / おうたろう (おう/た/ろう) / おうま (おう/ま),央,旺,桜,王,央:23 旺:13 桜:7 王:7 皇:2 凰:2,央 旺 桜 王 皇 凰 欧 鷗,,
とよ,2,87,231,とよき (とよ/き) / とよひろ (とよ/ひろ) / とよじ (とよ/じ) / とよたけ (とよ/たけ) / とよのり (とよ/のり) / とよお (とよ/お),豊,富,晨,茂,豊:129,豊 富 晨 茂,,
より,2,81,227,よりひろ (より/ひろ) / よりよし (より/よし) / よりあき (より/あき) / よりじろう (より/じ/ろう) / よりのぶ (より/のぶ) / よりやす (より/やす),頼,依,順,偉,頼:105 依:11 順:7 偉:1 遵:1 義:1,頼 依 順 偉 遵 義 由 親,,
とう,2,41,224,とうじ (とう/じ) / とうき (とう/き) / とうご (とう/ご) / とうり (とう/り) / とうせい (とう/せい) / とうすけ (とう/すけ),藤,統,登,東,藤:15 統:13 登:7 東:5 冬:3 透:2,藤 統 登 東 冬 透 騰 董,,
とら,2,75,223,とらお (とら/お) / とらのすけ (とら/の/すけ) / とらじ (とら/じ) / とらじろう (とら/じ/ろう) / とらひろ (とら/ひろ) / とらはる (とら/はる),虎,寅,彪,,虎:108 寅:10 彪:1,虎 寅 彪,,
じょ,2,43,207,じょうじ (じょ/う/じ) / じょうせい (じょ/う/せい) / けんじょう (けん/じょ/う) / じょう (じょ/う) / じょうたろう (じょ/うた/ろう) / じょういち (じょ/う/いち),助,恕,叙,如,助:1,助 恕 叙 如 女 徐 序,,
はや,2,29,206,はやと (はや/と) / はやあき (はや/あき) / はやお (はや/お) / ちはや (ち/はや) / はやた (はや/た) / はやき (はや/き),隼,颯,勇,剣,隼:18 颯:12 勇:1 剣:1,隼 颯 勇 剣 速 快 鋭 逸,,
たく,2,45,204,たくと (たく/と) / たくや (たく/や) / たくじ (たく/じ) / たくお (たく/お) / たくひろ (たく/ひろ) / たくろう (たく/ろう),拓,琢,卓,匠,拓:22 琢:22 卓:22 匠:1,拓 琢 卓 匠 薫 薰 擢 濯,,
いや,2,11,203,せいや (せ/いや) / れいや (れ/いや) / けいや (け/いや) / らいや (ら/いや) / えいや (え/いや) / かいや (か/いや),弥,彌,未,,弥:4,弥 彌 未,,
じゅ,2,97,203,そうじゅ (そう/じゅ) / こうじゅ (こう/じゅ) / じゅうぞう (じゅ/う/ぞう) / せいじゅ (せい/じゅ) / たいじゅ (たい/じゅ) / けいじゅ (けい/じゅ),寿,樹,珠,壽,寿:39 樹:32 珠:6 壽:5 受:1 柔:1,寿 樹 珠 壽 受 柔 鷲 竪,,
ほ,1,78,201,ゆうほ (ゆう/ほ) / ほたか (ほ/たか) / ほずみ (ほ/ずみ) / よしほ (よし/ほ) / いくほ (いく/ほ) / かずほ (かず/ほ),穂,歩,帆,保,穂:41 歩:14 帆:10 保:4 甫:4 秀:4,穂 歩 帆 保 甫 秀 輔 穗,,
しお,2,11,198,よしお (よ/しお) / としお (と/しお) / うしお (う/しお) / きしお (き/しお) / しおり (しお/り) / やしお (や/しお),潮,栞,汐,,潮:1 栞:1,潮 栞 汐,,
さき,2,13,193,まさき (ま/さき) / あさき (あ/さき) / ひさき (ひ/さき) / さきと (さき/と) / みさき (み/さき) / さきお (さき/お),先,崎,幸,前,先:3 崎:1 幸:1,先 崎 幸 前 埼 咲 魁 祥,,
おみ,2,56,192,ひろおみ (ひろ/おみ) / よしおみ (よし/おみ) / なおみ (な/おみ) / あきおみ (あき/おみ) / のりおみ (のり/おみ) / まさおみ (まさ/おみ),臣,,,,臣:85,臣,,
かし,2,8,189,たかし (た/かし) / ちかし (ち/かし) / ちかしろう (ち/かし/ろう) / たかしろう (た/かし/ろう) / あかし (あ/かし) / ふかし (ふ/かし),樫,,,,,樫,,
さぶ,2,92,185,こうさぶろう (こう/さぶ/ろう) / けいさぶろう (けい/さぶ/ろう) / さぶろう (さぶ/ろう) / きさぶろう (き/さぶ/ろう) / いくさぶろう (いく/さぶ/ろう) / しんさぶろう (しん/さぶ/ろう),三,珊,,,三:122,三 珊,,
あや,2,32,181,あやと (あや/と) / あやひろ (あや/ひろ) / あやはる (あや/はる) / あやまさ (あや/まさ) / あやお (あや/お) / あやき (あや/き),綾,文,綺,絢,綾:31 文:6 綺:2 絢:2 彩:2 斐:2,綾 文 綺 絢 彩 斐 礼 純,,
かい,2,41,176,かいせい (かい/せい) / かいり (かい/り) / こうかい (こう/かい) / かいすけ (かい/すけ) / かいしん (かい/しん) / かいご (かい/ご),海,快,開,凱,海:36 快:4 開:4 凱:3 魁:1 界:1,海 快 開 凱 魁 界 亥 養,,
おと,2,30,174,あおと (あ/おと) / なおと (な/おと) / りおと (り/おと) / れおと (れ/おと) / まおと (ま/おと) / おとや (おと/や),音,乙,響,律,音:29 乙:7,音 乙 響 律 韻 頌 男 吟,,
らい,2,35,171,らいと (らい/と) / らいま (らい/ま) / らいせい (らい/せい) / らいじ (らい/じ) / らいじろう (らい/じ/ろう) / らいすけ (らい/すけ),頼,雷,来,來,頼:24 雷:11 来:10 來:4 徠:3 礼:1,頼 雷 来 來 徠 礼 莉 瀬,,
む,1,50,164,ひろむ (ひろ/む) / むつき (む/つき) / とむ (と/む) / むさし (む/さ/し) / らいむ (らい/む) / りむ (り/む),夢,武,舞,霧,夢:34 武:8,夢 武 舞 霧 眸 務 六 歓,,
むね,2,73,163,むねひろ (むね/ひろ) / むねのり (むね/のり) / もとむね (もと/むね) / まさむね (まさ/むね) / むねあき (むね/あき) / よしむね (よし/むね),宗,旨,至,心,宗:99 旨:1 至:1 心:1 統:1,宗 旨 至 心 統 襟 棟 志,,
さお,2,10,162,まさお (ま/さお) / いさお (い/さお) / ひさお (ひ/さお) / あさお (あ/さお) / みさお (み/さお) / ふさお (ふ/さお),操,,,,,操,,
りょう,3,8,146,りょうのしん (りょう/の/しん) / りょうのすけ (りょう/の/すけ) / りょういちろう (りょう/いち/ろう) / りょうじろう (りょう/じ/ろう) / りょうごろう (りょう/ご/ろう) / りょうはちろう (りょう/はち/ろう),良,亮,遼,涼,良:4 亮:3 遼:2 涼:1 諒:1 稜:1,良 亮 遼 涼 諒 稜 陵 綾,,
ふじ,2,37,145,ふじお (ふじ/お) / ふじひろ (ふじ/ひろ) / ふじのり (ふじ/のり) / ふじたか (ふじ/たか) / ふじのぶ (ふじ/のぶ) / ふじや (ふじ/や),藤,,,,藤:45,藤,,
あお,2,13,142,あおひろ (あお/ひろ) / あおい (あお/い) / あおま (あお/ま) / あおた (あお/た) / あおたろう (あお/た/ろう) / あおば (あお/ば),青,碧,蒼,葵,青:7 碧:6 蒼:4 葵:1,青 碧 蒼 葵,,
も,1,32,139,もとき (も/とき) / もとお (も/とお) / もとし (も/とし) / とも (と/も) / もと (も/と) / もとむ (も/とむ),茂,雲,百,,茂:12 雲:2 百:1,茂 雲 百,,
とく,2,63,137,とくじ (とく/じ) / けんとく (けん/とく) / とくお (とく/お) / とくぞう (とく/ぞう) / えいとく (えい/とく) / しゅうとく (しゅ/う/とく),徳,篤,得,督,徳:61 篤:10 得:4 督:3 釈:1,徳 篤 得 督 釈 德 特 啄,,
とみ,2,46,135,よしとみ (よし/とみ) / さとみ (さ/とみ) / あきとみ (あき/とみ) / やすとみ (やす/とみ) / とみひろ (とみ/ひろ) / のぶとみ (のぶ/とみ),富,臣,美,登,富:49 臣:5 美:3 登:2 冨:1 福:1,富 臣 美 登 冨 福 聡 宝,,
は,1,44,131,はる (は/る) / はく (は/く) / はすき (は/すき) / はかる (は/かる) / せいは (せい/は) / はずき (は/ず/き),葉,羽,波,覇,葉:7 羽:6 波:4 覇:3 芭:1 巴:1,葉 羽 波 覇 芭 巴 端 牙,,
ふ,1,37,131,ふみお (ふ/みお) / ふみや (ふ/みや) / ふみき (ふ/みき) / ふくし (ふ/くし) / ふうや (ふ/うや) / ふとし (ふ/とし),文,風,歩,夫,文:7 風:5 歩:3 夫:2 富:1 芙:1,文 風 歩 夫 富 芙 楓 生,,
じゅう,3,42,131,けいじゅうろう (けい/じゅう/ろう) / けんじゅうろう (けん/じゅう/ろう) / せいじゅうろう (せい/じゅう/ろう) / そうじゅうろう (そう/じゅう/ろう) / じゅうじろう (じゅう/じ/ろう) / しょうじゅうろう (しょう/じゅう/ろう),十,重,柔,習,十:41 重:13,十 重 柔 習 充 中 住,,
みお,2,10,129,きみお (き/みお) / ふみお (ふ/みお) / とみお (と/みお) / すみお (す/みお) / たみお (た/みお) / なみお (な/みお),澪,,,,澪:1,澪,,
うみ,2,14,128,しょうみ (しょ/うみ) / とうみ (と/うみ) / よしうみ (よし/うみ) / ひろうみ (ひろ/うみ) / うみと (うみ/と) / まさうみ (まさ/うみ),海,洋,海,湖,海:20,海 洋 海 湖,,
きら,2,14,128,あきら (あ/きら) / きらと (きら/と) / きらら (きら/ら) / なおあきら (なお/あ/きら) / ひさあきら (ひさ/あ/きら) / まさあきら (まさ/あ/きら),晃,晄,,,,晃 晄,,
たね,2,56,128,たねお (たね/お) / たねよし (たね/よし) / たねやす (たね/やす) / たねしげ (たね/しげ) / よしたね (よし/たね) / たかたね (たか/たね),胤,種,鎮,甚,胤:60 種:27,胤 種 鎮 甚 苗,,
みき,2,25,127,みきお (みき/お) / みきや (みき/や) / みきと (みき/と) / ふみき (ふ/みき) / みきはる (みき/はる) / みきひこ (みき/ひこ),幹,樹,,,幹:18 樹:1,幹 樹,,
つ,1,34,126,つよし (つ/よし) / つとむ (つ/とむ) / りつ (り/つ) / つなお (つ/なお) / なつ (な/つ) / たつ (た/つ),都,紬,通,津,都:3 紬:1,都 紬 通 津 都 鶴 藤 柘,,
つや,2,14,126,たつや (た/つや) / あつや (あ/つや) / てつや (て/つや) / かつや (か/つや) / せつや (せ/つや) / いつや (い/つや),沢,,,,,沢,,
いと,2,13,119,かいと (か/いと) / あいと (あ/いと) / たいと (た/いと) / まいと (ま/いと) / いとは (いと/は) / さいと (さ/いと),絃,糸,純,綸,絃:4 糸:2 純:1,絃 糸 純 綸 文 弦,,
じん,2,45,116,ゆうじん (ゆう/じん) / じん (じん) / じんや (じん/や) / こうじん (こう/じん) / じんと (じん/と) / りゅうじん (りゅう/じん),仁,人,甚,稔,仁:25 人:13 甚:13 稔:2 迅:2 神:2,仁 人 甚 稔 迅 神 壬 陣,,
りき,2,18,109,りきと (りき/と) / りきや (りき/や) / のりき (の/りき) / りきお (りき/お) / よりき (よ/りき) / もりき (も/りき),力,,,,力:16,力,,
りく,2,30,107,りくと (りく/と) / りくや (りく/や) / りくお (りく/お) / りくたろう (りく/た/ろう) / りくご (りく/ご) / りくたか (りく/たか),陸,六,睦,,陸:39,陸 六 睦,,
らん,2,23,105,らんしろう (らん/し/ろう) / らんま (らん/ま) / らんや (らん/や) / らんたろう (らん/た/ろう) / らんのすけ (らん/の/すけ) / あらん (あ/らん),蘭,嵐,藍,浪,蘭:25 嵐:6 藍:5,蘭 嵐 藍 浪,,
ぎん,2,21,103,ぎんじろう (ぎん/じ/ろう) / ぎんじ (ぎん/じ) / ぎんすけ (ぎん/すけ) / ぎんたろう (ぎん/た/ろう) / ぎんや (ぎん/や) / ぎんしろう (ぎん/し/ろう),銀,吟,言,,銀:34 吟:4,銀 吟 言,,
つな,2,53,103,つなき (つな/き) / つなひろ (つな/ひろ) / つなよし (つな/よし) / つなのり (つな/のり) / あきつな (あき/つな) / つなしげ (つな/しげ),綱,統,緑,紘,綱:77 統:2,綱 統 緑 紘 之 卓,,
めい,2,37,103,こうめい (こう/めい) / せいめい (せい/めい) / めいせい (めい/せい) / そうめい (そう/めい) / りょうめい (りょ/う/めい) / めいたろう (めい/た/ろう),明,銘,名,鳴,明:46,明 銘 名 鳴 命 盟 芽,,
かお,2,5,102,たかお (た/かお) / ちかお (ち/かお) / なかお (な/かお) / しかお (し/かお) / りかお (り/かお),薫,,,,,薫,,
ふう,2,18,101,ふうき (ふう/き) / ふうま (ふう/ま) / ふうと (ふう/と) / ふうた (ふう/た) / ふうが (ふう/が) / ふうご (ふう/ご),風,楓,富,冨,風:21 楓:8,風 楓 富 冨 汎 夫 封 颯,,
ゆい,2,8,101,ゆいと (ゆい/と) / ゆいせい (ゆい/せい) / ゆいしん (ゆい/しん) / ゆいたろう (ゆい/た/ろう) / ゆいのすけ (ゆい/の/すけ) / ゆいま (ゆい/ま),結,唯,由,惟,結:7 唯:6 由:1,結 唯 由 惟,,
ぜん,2,55,100,ぜんじ (ぜん/じ) / ぜん (ぜん) / ぜんこう (ぜん/こう) / ゆうぜん (ゆう/ぜん) / ぜんと (ぜん/と) / ぜんいち (ぜん/いち),善,然,全,禅,善:61 然:5 全:4 禅:1,善 然 全 禅 禪 前,,
ます,2,33,96,ますお (ます/お) / ますひろ (ます/ひろ) / ますや (ます/や) / ますたろう (ます/た/ろう) / ますと (ます/と) / ますたか (ます/たか),益,増,滋,斗,益:40 増:1,益 増 滋 斗 曽 升 賢 潤,,
りん,2,28,94,りんたろう (りん/た/ろう) / りんと (りん/と) / りん (りん) / りんた (りん/た) / りんすけ (りん/すけ) / りんせい (りん/せい),鈴,凛,凜,林,鈴:9 凛:8 凜:6 林:6 麟:5 琳:4,鈴 凛 凜 林 麟 琳 倫 竜,,
まき,2,12,91,まきお (まき/お) / まきと (まき/と) / たまき (た/まき) / まきや (まき/や) / まきぞう (まき/ぞう) / まきひこ (まき/ひこ),槙,槇,蒔,,,槙 槇 蒔,,
す,1,20,90,すすむ (す/すむ) / すみお (す/みお) / すなお (す/なお) / あすま (あ/す/ま) / すみや (す/みや) / あすか (あ/す/か),壽,寿,司,素,,壽 寿 司 素 守 子 朱 須,,
せん,2,34,90,せん (せん) / せんじ (せん/じ) / せんぞう (せん/ぞう) / せんいち (せん/いち) / せんすけ (せん/すけ) / せんたろう (せん/た/ろう),千,仙,鮮,泉,千:21 仙:6 鮮:3 泉:2 茜:1 専:1,千 仙 鮮 泉 茜 専 宣 扇,,
ちょ,2,32,88,ちょうじ (ちょ/う/じ) / ちょうしろう (ちょ/うし/ろう) / ちょういち (ちょ/う/いち) / ちょうせい (ちょ/う/せい) / ちょうま (ちょ/うま) / ちょうや (ちょ/うや),緖,緒,著,,,緖 緒 著,,
ふく,2,32,88,ふくじ (ふく/じ) / ふくよし (ふく/よし) / ふくたろう (ふく/た/ろう) / ふくのすけ (ふく/の/すけ) / ふくお (ふく/お) / ふくはる (ふく/はる),福,富,福,伏,福:46 富:1,福 富 福 伏,,
しず,2,24,86,しずお (しず/お) / しずき (しず/き) / しずま (しず/ま) / しずひろ (しず/ひろ) / しずや (しず/や) / しずか (しず/か),静,鎮,閑,靜,静:29 鎮:2 閑:2 靜:1 康:1,静 鎮 閑 靜 康 穏 謙 靖,,
つま,2,5,86,たつま (た/つま) / かつま (か/つま) / あつま (あ/つま) / さつま (さ/つま) / ほつま (ほ/つま),詳,,,,,詳,,
そら,2,35,85,そらと (そら/と) / そらき (そら/き) / そらのすけ (そら/の/すけ) / そらじ (そら/じ) / いそら (い/そら) / そらお (そら/お),空,昊,天,宙,空:50 昊:2 天:1,空 昊 天 宙 雲 宇 皓 穹,,
つみ,2,9,83,たつみ (た/つみ) / あつみ (あ/つみ) / かつみ (か/つみ) / なつみ (な/つみ) / みつみ (み/つみ) / つつみ (つ/つみ),積,祇,,,,積 祇,,
こと,2,14,82,まこと (ま/こと) / みこと (み/こと) / ことや (こと/や) / ことじ (こと/じ) / ことはる (こと/はる) / ことひろ (こと/ひろ),琴,言,勲,殊,琴:12 言:1 勲:1,琴 言 勲 殊 事 誼 肇 采,,
つる,2,35,81,たつる (た/つる) / みつる (み/つる) / つるまさ (つる/まさ) / つるや (つる/や) / あつる (あ/つる) / つるお (つる/お),鶴,絃,弦,敦,鶴:37 絃:1,鶴 絃 弦 敦,,
くま,2,17,80,たくま (た/くま) / さくま (さ/くま) / とくま (と/くま) / りくま (り/くま) / くまお (くま/お) / くまじ (くま/じ),熊,阿,前,,熊:9,熊 阿 前,,
ろく,2,48,78,せいろく (せい/ろく) / ろくろう (ろく/ろう) / きろく (き/ろく) / しんろく (しん/ろく) / しょうろく (しょ/う/ろく) / しんろくろう (しん/ろく/ろう),六,陸,緑,禄,六:40 陸:5 緑:3 禄:2 祿:1,六 陸 緑 禄 祿 綠 谷 角,,
はち,2,55,77,えいはちろう (えい/はち/ろう) / きはち (き/はち) / しょうはち (しょ/う/はち) / りょうはちろう (りょう/はち/ろう) / きはちろう (き/はち/ろう) / ぎはちろう (ぎ/はち/ろう),八,,,,八:59,八,,
ろ,1,25,76,ひろ (ひ/ろ) / ろい (ろ/い) / ろき (ろ/き) / まほろ (ま/ほ/ろ) / こういちろ (こう/いち/ろ) / ろう (ろ/う),呂,路,蕗,露,呂:9 路:7,呂 路 蕗 露 旅 侶 炉 芦,,
きた,2,7,75,きたろう (きた/ろう) / あきたろう (あ/きた/ろう) / みきた (み/きた) / たきたろう (た/きた/ろう) / にきた (に/きた) / まきた (ま/きた),朔,北,,,,朔 北,,
くみ,2,5,75,たくみ (た/くみ) / かくみ (か/くみ) / くみはる (くみ/はる) / さくみ (さ/くみ) / とくみ (と/くみ),伍,綸,与,,,伍 綸 与,,
おん,2,17,72,しおん (し/おん) / れおん (れ/おん) / りおん (り/おん) / しょおん (しょ/おん) / くおん (く/おん) / じおん (じ/おん),音,温,穏,恩,音:12 温:3 穏:2 恩:2,音 温 穏 恩 雄 溫 園 苑,,
さや,2,7,72,まさや (ま/さや) / あさや (あ/さや) / ひさや (ひ/さや) / さやと (さや/と) / いさや (い/さや) / けさや (け/さや),爽,,,,爽:2,爽,,
てん,2,30,71,てんま (てん/ま) / てんせい (てん/せい) / てんのすけ (てん/の/すけ) / てんご (てん/ご) / てんゆう (てん/ゆう) / てんと (てん/と),天,典,展,槙,天:26 典:9 展:1,天 典 展 槙 槇 鎮 鎭 傳,,
だ,1,13,70,だいき (だ/いき) / だいち (だ/いち) / だいし (だ/いし) / だいや (だ/いや) / だい (だ/い) / ほだか (ほ/だ/か),大,那,梛,雫,大:10,大 那 梛 雫 舵,,
すず,2,23,69,すずま (すず/ま) / すずのすけ (すず/の/すけ) / すずゆき (すず/ゆき) / すずと (すず/と) / すずふみ (すず/ふみ) / すずすけ (すず/すけ),鈴,錫,紗,硯,鈴:24,鈴 錫 紗 硯,,
ぶん,2,48,69,ぶんじ (ぶん/じ) / ぶんぞう (ぶん/ぞう) / ぶんしろう (ぶん/し/ろう) / ぶんた (ぶん/た) / ぶんや (ぶん/や) / こうぶん (こう/ぶん),文,聞,紋,分,文:52 聞:3,文 聞 紋 分 豊,,
いが,2,8,67,たいが (た/いが) / せいが (せ/いが) / らいが (ら/いが) / れいが (れ/いが) / かいが (か/いが) / あいが (あ/いが),毬,,,,,毬,,
たみ,2,16,67,ひろたみ (ひろ/たみ) / よしたみ (よし/たみ) / まさたみ (まさ/たみ) / やすたみ (やす/たみ) / しげたみ (しげ/たみ) / たみじ (たみ/じ),民,萌,萠,彩,民:24,民 萌 萠 彩 黎 人 在,,
てい,2,17,67,ていぞう (てい/ぞう) / ていじ (てい/じ) / ていすけ (てい/すけ) / ていいち (てい/いち) / ていじろう (てい/じ/ろう) / ていま (てい/ま),貞,禎,定,鼎,貞:19 禎:2 定:2 鼎:1 丁:1,貞 禎 定 鼎 丁 禎 逞 聽,,
まつ,2,53,67,まつお (まつ/お) / まつじ (まつ/じ) / まつり (まつ/り) / おとまつ (おと/まつ) / きよまつ (きよ/まつ) / くにまつ (くに/まつ),松,茉,須,候,松:59 茉:1,松 茉 須 候 末,,
むつ,2,24,67,むつお (むつ/お) / むつひろ (むつ/ひろ) / むつみ (むつ/み) / むつと (むつ/と) / むつよし (むつ/よし) / むつひこ (むつ/ひこ),睦,陸,六,親,睦:29 陸:3 六:2,睦 陸 六 親,,
あさ,2,19,66,あさひ (あさ/ひ) / あさはる (あさ/はる) / あさみつ (あさ/みつ) / あさのすけ (あさ/の/すけ) / あさかず (あさ/かず) / あさし (あさ/し),麻,朝,旭,諒,麻:16 朝:13 旭:1,麻 朝 旭 諒 滋 元 旦,,
たま,2,15,66,たまひろ (たま/ひろ) / たまや (たま/や) / たまお (たま/お) / たまいち (たま/いち) / たまじろう (たま/じ/ろう) / たまひで (たま/ひで),玉,珠,瑞,瑶,玉:15 珠:12 瑞:1,玉 珠 瑞 瑶 璧 圭 丸 球,,
ぎ,1,36,65,せいぎ (せい/ぎ) / ぎしん (ぎ/しん) / ぎゆう (ぎ/ゆう) / ぎいちろう (ぎ/いち/ろう) / なぎ (な/ぎ) / ぎさぶろう (ぎ/さぶ/ろう),義,儀,誼,宜,義:27 儀:8,義 儀 誼 宜 技 伎 祇 示,,
かげ,2,44,65,たつかげ (たつ/かげ) / しげかげ (しげ/かげ) / たかかげ (たか/かげ) / ひろかげ (ひろ/かげ) / みちかげ (みち/かげ) / よしかげ (よし/かげ),景,,,,景:56,景,,
まな,2,7,65,まなと (まな/と) / まなき (まな/き) / まなぶ (まな/ぶ) / まなや (まな/や) / まなひさ (まな/ひさ) / まなひろ (まな/ひろ),愛,真,心,,愛:7 真:1,愛 真 心,,
ゆた,2,4,65,ゆたか (ゆた/か) / なゆた (な/ゆた) / あゆた (あ/ゆた) / ゆたろう (ゆた/ろう),逞,茂,,,,逞 茂,,
さん,2,31,62,さんしろう (さん/し/ろう) / さんじ (さん/じ) / さんのすけ (さん/の/すけ) / さんじろう (さん/じ/ろう) / さんぞう (さん/ぞう) / さんた (さん/た),三,参,賛,山,三:27 参:3 賛:2 山:2 燦:1 讃:1,三 参 賛 山 燦 讃 珊 撰,,
きゅう,3,28,62,きゅうじ (きゅう/じ) / きゅうま (きゅう/ま) / きゅういち (きゅう/いち) / きゅういちろう (きゅう/いち/ろう) / きゅうぞう (きゅう/ぞう) / きゅうた (きゅう/た),久,球,九,求,久:21 球:6 九:5 求:2 究:1 休:1,久 球 九 求 究 休 赳 玖,,
えつ,2,24,61,えつじ (えつ/じ) / えつし (えつ/し) / えつお (えつ/お) / こうえつ (こう/えつ) / えつみ (えつ/み) / えつろう (えつ/ろう),悦,越,,,悦:26,悦 越,,
かき,2,1,61,たかき (た/かき),堵,垣,柿,,,堵 垣 柿,,
ふさ,2,38,61,まさふさ (まさ/ふさ) / よしふさ (よし/ふさ) / あきふさ (あき/ふさ) / たかふさ (たか/ふさ) / のりふさ (のり/ふさ) / さだふさ (さだ/ふさ),房,英,総,興,房:45 英:5 総:1 興:1,房 英 総 興 薫 笑 章 葉,,
きょう,3,5,60,きょうじろう (きょう/じ/ろう) / きょうのすけ (きょう/の/すけ) / きょういちろう (きょう/いち/ろう) / きょうさぶろう (きょう/さぶ/ろう) / きょうじゅろう (きょう/じゅ/ろう),恭,京,経,杏,恭:3 京:2 経:1 杏:1 郷:1,恭 京 経 杏 郷 馨 響 響,,
なる,2,30,59,なるき (なる/き) / かなる (か/なる) / なるひと (なる/ひと) / なるたか (なる/たか) / なるみ (なる/み) / なるゆき (なる/ゆき),成,徳,稔,生,成:25 徳:4 稔:3 生:2 匠:2 鳴:1,成 徳 稔 生 匠 鳴 登 功,,
みね,2,29,59,みねお (みね/お) / みねゆき (みね/ゆき) / たかみね (たか/みね) / みねあき (みね/あき) / みねひろ (みね/ひろ) / まさみね (まさ/みね),峰,峯,嶺,峻,峰:24 峯:9 嶺:6,峰 峯 嶺 峻 巌,,
しゅう,3,7,59,しゅうのすけ (しゅう/の/すけ) / しゅういちろう (しゅう/いち/ろう) / しゅうじろう (しゅう/じ/ろう) / しゅうごろう (しゅう/ご/ろう) / しゅうさぶろう (しゅう/さぶ/ろう) / しゅうはちろう (しゅう/はち/ろう),秀,修,脩,周,秀:3 修:3 脩:2 周:2 宗:1,秀 修 脩 周 宗 萩 秋 嵩,,
わ,1,15,58,とわ (と/わ) / ちわき (ち/わ/き) / かしわ (かし/わ) / きわお (き/わ/お) / ゆわ (ゆ/わ) / るわ (る/わ),和,環,我,輪,和:11,和 環 我 輪 倭 葉 磐 八,,
あん,2,10,58,あんじ (あん/じ) / あんり (あん/り) / ゆあん (ゆ/あん) / あんこう (あん/こう) / あんさい (あん/さい) / あんじゅ (あん/じゅ),安,杏,晏,行,安:7 杏:3 晏:1 行:1 庵:1,安 杏 晏 行 庵 案,,
せつ,2,18,57,せつお (せつ/お) / せつじ (せつ/じ) / せつじろう (せつ/じ/ろう) / せつま (せつ/ま) / せつごろう (せつ/ご/ろう) / せつぞう (せつ/ぞう),節,雪,準,節,節:21 雪:2,節 雪 準 節 契,,
どう,2,37,57,りゅうどう (りゅう/どう) / こうどう (こう/どう) / せいどう (せい/どう) / けんどう (けん/どう) / しどう (し/どう) / たくどう (たく/どう),道,堂,童,瞳,道:24 堂:7 童:7 瞳:1,道 堂 童 瞳 憧 導 桐 能,,
あり,2,19,56,ありひろ (あり/ひろ) / ありま (あり/ま) / ありまさ (あり/まさ) / ありのぶ (あり/のぶ) / ありたか (あり/たか) / ありとも (あり/とも),有,在,惟,生,有:19 在:3 惟:1,有 在 惟 生 順 満 照 益,,
いつ,2,28,56,いつお (いつ/お) / いつじ (いつ/じ) / いつま (いつ/ま) / いつし (いつ/し) / いつぞう (いつ/ぞう) / いつと (いつ/と),逸,一,五,稜,逸:29 一:3 五:1 稜:1,逸 一 五 稜 壱 乙 溢 逸,,
かや,2,5,54,たかや (た/かや) / ちかや (ち/かや) / かやと (かや/と) / あかや (あ/かや) / かやた (かや/た),茅,草,,,,茅 草,,
しち,2,45,52,せいしち (せい/しち) / こうしち (こう/しち) / しちろう (しち/ろう) / しょうしち (しょ/う/しち) / てるしち (てる/しち) / ゆうしち (ゆう/しち),七,質,,,七:44,七 質,,
なみ,2,12,51,ひろなみ (ひろ/なみ) / よしなみ (よし/なみ) / あきなみ (あき/なみ) / みなみ (み/なみ) / せなみ (せ/なみ) / としなみ (とし/なみ),波,南,浪,並,波:6 南:3 浪:2 並:1,波 南 浪 並 凡 漣 洋 甫,,
さち,2,10,50,さちお (さち/お) / さちひろ (さち/ひろ) / さちや (さち/や) / さちひこ (さち/ひこ) / さちひと (さち/ひと) / おさち (お/さち),幸,祥,福,祐,幸:9 祥:3 福:1,幸 祥 福 祐 禎 吉 倖 士,,
まる,2,33,50,よしまる (よし/まる) / たかまる (たか/まる) / たつまる (たつ/まる) / しげまる (しげ/まる) / たけまる (たけ/まる) / てつまる (てつ/まる),丸,円,,,丸:40,丸 円,,
かな,2,7,49,かなた (かな/た) / かなと (かな/と) / かなめ (かな/め) / かなう (かな/う) / かなき (かな/き) / かなさ (かな/さ),哉,金,乎,鼎,哉:1,哉 金 乎 鼎,,
くし,2,13,49,いくし (い/くし) / たくし (た/くし) / ふくし (ふ/くし) / りくし (り/くし) / いくしろう (い/くし/ろう) / がくし (が/くし),奇,枇,,,,奇 枇,,
さむ,2,4,49,おさむ (お/さむ) / いさむ (い/さむ) / まさむ (ま/さむ) / ひさむ (ひ/さむ),祥,,,,,祥,,
もん,2,20,49,もんじ (もん/じ) / しもん (し/もん) / もんじろう (もん/じ/ろう) / たもん (た/もん) / あもん (あ/もん) / もんぞう (もん/ぞう),門,紋,聞,文,門:18 紋:3 聞:2 文:1,門 紋 聞 文,,
て,1,13,48,てつや (て/つや) / はやて (はや/て) / てつき (て/つき) / てる (て/る) / てい (て/い) / てつ (て/つ),豊,,,,,豊,,
みず,2,14,48,みずき (みず/き) / みずと (みず/と) / ひろみず (ひろ/みず) / みずほ (みず/ほ) / みずお (みず/お) / みずふみ (みず/ふみ),瑞,水,壬,泉,瑞:17 水:2 壬:1,瑞 水 壬 泉,,
かじ,2,9,47,たかじ (た/かじ) / たかじろう (た/かじ/ろう) / ちかじろう (ち/かじ/ろう) / かじろう (かじ/ろう) / かじのすけ (かじ/の/すけ) / しかじ (し/かじ),梶,櫂,梢,舵,梶:1,梶 櫂 梢 舵 鍛,,
うい,2,9,46,とうい (と/うい) / ゆうい (ゆ/うい) / しょうい (しょ/うい) / そうい (そ/うい) / りょうい (りょ/うい) / じょうい (じょ/うい),愛,初,,,,愛 初,,
みや,2,11,46,ふみや (ふ/みや) / すみや (す/みや) / きみや (き/みや) / たみや (た/みや) / とみや (と/みや) / なみや (な/みや),宮,,,,宮:2,宮,,
ちゅう,3,31,46,ちゅうじ (ちゅう/じ) / ちゅうや (ちゅう/や) / ちゅうぞう (ちゅう/ぞう) / うちゅう (う/ちゅう) / ちゅう (ちゅう) / ちゅうえい (ちゅう/えい),忠,宙,仲,中,忠:28 宙:5 仲:3 中:2 衷:1,忠 宙 仲 中 衷 紬 柱 沖,,
ぶ,1,26,45,まなぶ (まな/ぶ) / のぶ (の/ぶ) / よしぶみ (よし/ぶ/み) / いぶ (い/ぶ) / ひろぶみ (ひろ/ぶ/み) / しげぶみ (しげ/ぶ/み),武,舞,歩,霧,武:13 舞:1 歩:1,武 舞 歩 霧 夫 務 步 奉,,
さじ,2,11,45,まさじ (ま/さじ) / あさじろう (あ/さじ/ろう) / ひさじ (ひ/さじ) / まさじろう (ま/さじ/ろう) / あさじ (あ/さじ) / ふさじろう (ふ/さじ/ろう),枇,,,,,枇,,
ひら,2,24,45,よしひら (よし/ひら) / あきひら (あき/ひら) / かずひら (かず/ひら) / かねひら (かね/ひら) / たかひら (たか/ひら) / まさひら (まさ/ひら),平,衡,英,開,平:34 衡:1,平 衡 英 開 迪 旬 均,,
ほう,2,23,44,ほうせい (ほう/せい) / りゅうほう (りゅう/ほう) / しほう (し/ほう) / しゅうほう (しゅ/う/ほう) / ずいほう (ずい/ほう) / せいほう (せい/ほう),芳,豊,法,方,芳:5 豊:4 法:3 方:3 宝:2 鵬:2,芳 豊 法 方 宝 鵬 朋 奉,,
おし,2,4,43,あおし (あ/おし) / なおし (な/おし) / なおしろう (な/おし/ろう) / こおし (こ/おし),忍,,,,,忍,,
すき,2,5,43,やすき (や/すき) / はすき (は/すき) / あすき (あ/すき) / すきお (すき/お) / すきぞう (すき/ぞう),透,,,,,透,,
ひな,2,3,43,ひなた (ひな/た) / ひなせ (ひな/せ) / ひなと (ひな/と),穂,,,,,穂,,
まろ,2,28,43,たかまろ (たか/まろ) / よしまろ (よし/まろ) / あきまろ (あき/まろ) / ひでまろ (ひで/まろ) / かつまろ (かつ/まろ) / しげまろ (しげ/まろ),麿,丸,満,,麿:29 丸:1,麿 丸 満,,
ぶき,2,7,42,いぶき (い/ぶき) / のぶき (の/ぶき) / しぶき (し/ぶき) / ことぶき (こと/ぶき) / なぶき (な/ぶき) / のぶきお (の/ぶき/お),蕗,,,,,蕗,,
おり,2,20,39,いおり (い/おり) / おりと (おり/と) / おりまさ (おり/まさ) / かおり (か/おり) / とおり (と/おり) / おりえ (おり/え),織,,,,織:18,織,,
すじ,2,4,39,やすじ (や/すじ) / ますじろう (ま/すじ/ろう) / やすじろう (や/すじ/ろう) / ますじ (ま/すじ),理,統,条,,,理 統 条,,
いわ,2,14,38,いわお (いわ/お) / いわあき (いわ/あき) / れいわ (れ/いわ) / いわかず (いわ/かず) / いわき (いわ/き) / いわきち (いわ/きち),岩,磐,巌,巖,岩:9 磐:2 巌:1,岩 磐 巌 巖 石,,
すえ,2,22,38,すえお (すえ/お) / すえひろ (すえ/ひろ) / すえきち (すえ/きち) / すえあき (すえ/あき) / すえさぶろう (すえ/さぶ/ろう) / すえひこ (すえ/ひこ),末,季,葉,陶,末:18 季:8,末 季 葉 陶 秀 君 梢 淑,,
とお,2,12,38,もとお (も/とお) / さとお (さ/とお) / とおい (とお/い) / そとお (そ/とお) / おとお (お/とお) / ことお (こ/とお),十,遼,通,竜,十:1 遼:1 通:1,十 遼 通 竜 遥 治 深 遙,,
なつ,2,12,38,きなつ (き/なつ) / なつと (なつ/と) / なつお (なつ/お) / こなつ (こ/なつ) / しげなつ (しげ/なつ) / なつじろう (なつ/じ/ろう),夏,,,,夏:14,夏,,
るい,2,4,38,るいと (るい/と) / るいご (るい/ご) / るいた (るい/た) / はるい (は/るい),塁,類,,,塁:4,塁 類,,
おる,2,2,37,とおる (と/おる) / かおる (か/おる),織,,,,,織,,
もも,2,13,37,ももき (もも/き) / ももはる (もも/はる) / ももすけ (もも/すけ) / ももじ (もも/じ) / ももたろう (もも/た/ろう) / ももいち (もも/いち),百,桃,李,,百:14 桃:7,百 桃 李,,
とる,2,2,36,さとる (さ/とる) / ふとる (ふ/とる),摯,采,操,征,,摯 采 操 征 通,,
ひょう,3,13,36,ひょうま (ひょう/ま) / ひょうが (ひょう/が) / ひょうすけ (ひょう/すけ) / ひょう (ひょう) / ひょうご (ひょう/ご) / ひょうぞう (ひょう/ぞう),兵,彪,平,浜,兵:9 彪:5,兵 彪 平 浜 拍 標 氷 表,,
はじめ,3,1,35,はじめ (はじめ),肇,創,一,初,肇:1 創:1,肇 創 一 初 元 端 孟 甫,,
がく,2,12,34,がくと (がく/と) / がくや (がく/や) / がくじ (がく/じ) / しゅうがく (しゅ/う/がく) / みがく (み/がく) / がくおう (がく/おう),学,岳,楽,樂,学:5 岳:5,学 岳 楽 樂,,
きり,2,4,34,きりと (きり/と) / きりや (きり/や) / きりお (きり/お) / きりひと (きり/ひと),霧,桐,,,,霧 桐,,
さる,2,1,34,まさる (ま/さる),申,,,,,申,,
ね,1,17,33,ねお (ね/お) / あまね (あま/ね) / きねお (き/ね/お) / きねじ (き/ね/じ) / さとね (さと/ね) / よしね (よし/ね),音,寧,根,子,音:12 寧:3 根:2 子:1,音 寧 根 子 嶺 宇 福 然,,
かる,2,2,33,ひかる (ひ/かる) / はかる (は/かる),駈,駆,田,,,駈 駆 田,,
とむ,2,6,33,つとむ (つ/とむ) / あとむ (あ/とむ) / もとむ (も/とむ) / さとむ (さ/とむ) / まとむ (ま/とむ) / みとむ (み/とむ),富,冨,,,,富 冨,,
まん,2,19,33,まんじ (まん/じ) / まんじろう (まん/じ/ろう) / まんぞう (まん/ぞう) / まん (まん) / まんいち (まん/いち) / まんさく (まん/さく),萬,万,満,幡,萬:12 万:9 満:3 幡:1,萬 万 満 幡 孟,,
ため,2,26,32,ためお (ため/お) / ためさぶろう (ため/さぶ/ろう) / ためぞう (ため/ぞう) / ためゆき (ため/ゆき) / かずため (かず/ため) / ためいさ (ため/いさ),為,与,糸,集,為:29,為 与 糸 集,,
じょう,3,16,32,じょういちろう (じょう/いち/ろう) / じょうじろう (じょう/じ/ろう) / じょうのすけ (じょう/の/すけ) / ぎんのじょう (ぎん/の/じょう) / ゆきのじょう (ゆき/の/じょう) / えいのじょう (えい/の/じょう),丞,譲,丈,允,丞:9 譲:5 丈:2 允:1 城:1,丞 譲 丈 允 城 誠 穣 静,,
つの,2,9,31,たつのしん (た/つの/しん) / たつのすけ (た/つの/すけ) / あつのすけ (あ/つの/すけ) / かつのすけ (か/つの/すけ) / みつのすけ (み/つの/すけ) / かつの (か/つの),角,,,,,角,,
にお,2,1,31,くにお (く/にお),薫,匂,,,,薫 匂,,
いる,2,7,30,れいる (れ/いる) / あいる (あ/いる) / えいる (え/いる) / かいる (か/いる) / らいる (ら/いる) / せいる (せ/いる),要,冶,内,,,要 冶 内,,
おさ,2,13,30,おさみ (おさ/み) / おさふみ (おさ/ふみ) / おさひで (おさ/ひで) / おさあき (おさ/あき) / おさかず (おさ/かず) / おさてる (おさ/てる),長,修,理,令,長:8 修:2 理:1,長 修 理 令 綜 伯 豪 政,,
くう,2,10,30,くうが (くう/が) / くうご (くう/ご) / くうと (くう/と) / りくう (り/くう) / くうかい (くう/かい) / くうすけ (くう/すけ),空,,,,空:12,空,,
みな,2,5,29,みなと (みな/と) / みなき (みな/き) / みなむ (みな/む) / みなもと (みな/もと) / るみな (る/みな),南,水,汎,程,,南 水 汎 程,,
ど,1,23,27,くらんど (く/らん/ど) / どう (ど/う) / もんど (もん/ど) / らいど (らい/ど) / あど (あ/ど) / おみど (おみ/ど),努,土,度,,努:2 土:2,努 土 度,,
に,1,24,27,くに (く/に) / にろう (に/ろう) / ゆに (ゆ/に) / じゅにあ (じゅ/に/あ) / しんに (しん/に) / ちょうにろう (ちょう/に/ろう),仁,二,丹,児,仁:14 二:8,仁 二 丹 児,,
すむ,2,3,27,すすむ (す/すむ) / あすむ (あ/すむ) / やすむ (や/すむ),澄,清,栖,済,澄:2,澄 清 栖 済 住,,
づき,2,12,27,ゆづき (ゆ/づき) / かづき (か/づき) / しづき (し/づき) / みづき (み/づき) / きづき (き/づき) / いづき (い/づき),月,,,,月:14,月,,
さね,2,21,26,さねずみ (さね/ずみ) / さねのぶ (さね/のぶ) / まさね (ま/さね) / さねあき (さね/あき) / さねあつ (さね/あつ) / さねたか (さね/たか),実,真,實,志,実:12 真:5 實:4,実 真 實 志 愛 誠 良 護,,
もし,2,1,26,ともし (と/もし),如,若,,,,如 若,,
くら,2,14,25,くらのすけ (くら/の/すけ) / くらお (くら/お) / くらぞう (くら/ぞう) / くらと (くら/と) / くらひと (くら/ひと) / くらよし (くら/よし),倉,蔵,藏,椋,倉:7 蔵:6 藏:1 椋:1,倉 蔵 藏 椋 位 車,,
しま,2,2,25,としま (と/しま) / しまお (しま/お),島,洲,州,,島:1,島 洲 州,,
いさ,2,7,24,いさみ (いさ/み) / いさと (いさ/と) / いさぎ (いさ/ぎ) / いさな (いさ/な) / いさみつ (いさ/みつ) / ためいさ (ため/いさ),勇,勲,義,功,勇:2 勲:2 義:1 功:1,勇 勲 義 功 赳 驍 沙 練,,
うわ,2,8,24,ゆうわ (ゆ/うわ) / りょうわ (りょ/うわ) / そうわ (そ/うわ) / しょうわ (しょ/うわ) / ふうわ (ふ/うわ) / うわじ (うわ/じ),上,,,,,上,,
かく,2,13,24,かくじ (かく/じ) / かくぞう (かく/ぞう) / かくや (かく/や) / かくいちろう (かく/いち/ろう) / かくのすけ (かく/の/すけ) / かくえい (かく/えい),覚,角,格,拡,覚:5 角:4 格:1 拡:1,覚 角 格 拡 鶴 確 方 書,,
さい,2,18,24,こうさい (こう/さい) / さいきち (さい/きち) / さいじ (さい/じ) / ゆうさい (ゆう/さい) / あんさい (あん/さい) / ぎさい (ぎ/さい),才,哉,斎,宰,才:10 哉:4 斎:2 宰:1 材:1,才 哉 斎 宰 材 彩 采 斉,,
はく,2,13,24,はくと (はく/と) / こはく (こ/はく) / はくお (はく/お) / はくろう (はく/ろう) / きはく (き/はく) / はくあ (はく/あ),伯,博,珀,白,伯:6 博:4 珀:3 白:2 拍:1 百:1,伯 博 珀 白 拍 百 彗 覇,,
はな,2,3,24,はなたか (はな/たか) / はなまさ (はな/まさ) / はなみち (はな/みち),華,花,英,端,華:5 花:1,華 花 英 端 芳 椛 芭,,
もみ,2,2,24,ともみ (と/もみ) / もみじ (もみ/じ),紅,,,,紅:1,紅,,
あゆ,2,7,23,あゆと (あゆ/と) / あゆま (あゆ/ま) / あゆむ (あゆ/む) / あゆお (あゆ/お) / あゆか (あゆ/か) / あゆひこ (あゆ/ひこ),鮎,,,,鮎:1,鮎,,
おや,2,4,23,なおや (な/おや) / れおや (れ/おや) / しおや (し/おや) / まおや (ま/おや),親,,,,,親,,
きし,2,10,23,あきし (あ/きし) / ゆきし (ゆ/きし) / きしろう (きし/ろう) / まきし (ま/きし) / みきし (み/きし) / おきしろう (お/きし/ろう),来,來,研,,,来 來 研,,
つぎ,2,10,23,つぎお (つぎ/お) / みつぎ (み/つぎ) / かずつぎ (かず/つぎ) / つぎしげ (つぎ/しげ) / つぎたか (つぎ/たか) / つぎはる (つぎ/はる),次,二,良,速,次:8 二:2,次 二 良 速 世 嗣 連 継,,
ば,1,10,22,あおば (あお/ば) / しんば (しん/ば) / ばく (ば/く) / くらば (くら/ば) / げんば (げん/ば) / しば (し/ば),葉,波,磨,麻,葉:5 波:2,葉 波 磨 麻 馬 芭 羽,,
いま,2,4,22,あいま (あ/いま) / かいま (か/いま) / いまお (いま/お) / いまり (いま/り),今,未,,,,今 未,,
かた,2,19,22,よしかた (よし/かた) / としかた (とし/かた) / あかたろう (あ/かた/ろう) / かたはる (かた/はる) / これかた (これ/かた) / さかたろう (さ/かた/ろう),方,賢,容,交,方:5 賢:5 容:1 交:1,方 賢 容 交 形 豪 謙 結,,
はん,2,16,22,はんじ (はん/じ) / はんじろう (はん/じ/ろう) / せいはん (せい/はん) / はんた (はん/た) / かいはん (かい/はん) / けいはん (けい/はん),帆,範,繁,繁,帆:5 範:5 繁:2,帆 範 繁 繁 磐 絆 蕃 汎,,
せき,2,13,21,きせき (き/せき) / せきお (せき/お) / かずせき (かず/せき) / こうせき (こう/せき) / ごうせき (ごう/せき) / せきさぶろう (せき/さぶ/ろう),関,碩,積,夕,関:4 碩:3 積:1 夕:1 績:1 石:1,関 碩 積 夕 績 石 拓 汐,,
はつ,2,13,21,はつお (はつ/お) / はつのり (はつ/のり) / はつひこ (はつ/ひこ) / はつひろ (はつ/ひろ) / はつみ (はつ/み) / はつさぶろう (はつ/さぶ/ろう),初,肇,逸,,初:15 肇:1,初 肇 逸,,
から,2,4,20,ちから (ち/から) / たから (た/から) / からお (から/お) / からと (から/と),空,幹,漢,樺,空:1,空 幹 漢 樺,,
ゆず,2,4,20,ゆずき (ゆず/き) / ゆずる (ゆず/る) / ゆずと (ゆず/と) / ゆずは (ゆず/は),柚,橙,,,柚:3,柚 橙,,
よね,2,13,20,よねお (よね/お) / よねじ (よね/じ) / よねぞう (よね/ぞう) / よねじろう (よね/じ/ろう) / よねあき (よね/あき) / よねきち (よね/きち),米,,,,米:17,米,,
ちょう,3,8,20,ちょうじろう (ちょう/じ/ろう) / ちょうじゅうろう (ちょう/じゅう/ろう) / ちょういちろう (ちょう/いち/ろう) / ちょうのすけ (ちょう/の/すけ) / ちょうしちろう (ちょう/しち/ろう) / ちょうにろう (ちょう/に/ろう),長,澄,暢,潮,長:12,長 澄 暢 潮 肇 朝 超 逞,,
づ,1,15,19,よしかづ (よし/か/づ) / しづお (し/づ/お) / ほづみ (ほ/づ/み) / かづお (か/づ/お) / かづたか (か/づ/たか) / かづひろ (か/づ/ひろ),津,鶴,,,津:5,津 鶴,,
えん,2,15,19,えんじ (えん/じ) / えん (えん) / りゅうえん (りゅう/えん) / えんいちろう (えん/いち/ろう) / えんきち (えん/きち) / えんぎょ (えん/ぎょ),円,圓,延,援,円:4 圓:3 延:3 援:2 苑:2 縁:1,円 圓 延 援 苑 縁 燕 媛,,
しろ,2,13,19,ましろ (ま/しろ) / しろし (しろ/し) / しろや (しろ/や) / かずしろ (かず/しろ) / くにしろ (くに/しろ) / しげしろ (しげ/しろ),城,白,代,,城:5 白:4 代:4,城 白 代,,
たる,2,8,19,あたる (あ/たる) / いたる (い/たる) / きたる (き/たる) / たるひ (たる/ひ) / たるほ (たる/ほ) / ちたる (ち/たる),足,善,福,稜,足:3,足 善 福 稜 立,,
だん,2,11,19,だん (だん) / だんき (だん/き) / だんと (だん/と) / いちだん (いち/だん) / だんきち (だん/きち) / だんじ (だん/じ),暖,団,弾,男,暖:6 団:3 弾:2 男:1,暖 団 弾 男 檀 南 灘 旦,,
もる,2,3,19,まもる (ま/もる) / ともる (と/もる) / つもる (つ/もる),盛,,,,,盛,,
め,1,10,18,かなめ (かな/め) / めいや (め/いや) / めい (め/い) / あやめ (あや/め) / くめお (く/め/お) / くめぞう (く/め/ぞう),米,馬,芽,目,米:2 馬:1,米 馬 芽 目 女 萌 瞳 人,,
いず,2,8,18,いずみ (いず/み) / いずき (いず/き) / いずお (いず/お) / いずたろう (いず/た/ろう) / いずと (いず/と) / いずほ (いず/ほ),稜,厳,出,五,稜:3 厳:1 出:1,稜 厳 出 五,,
かけ,2,2,18,かける (かけ/る) / かけと (かけ/と),駆,駈,,,駆:1,駆 駈,,
すく,2,1,18,たすく (た/すく),空,結,透,好,,空 結 透 好,,
たて,2,9,18,たてお (たて/お) / たてし (たて/し) / たてあき (たて/あき) / たておみ (たて/おみ) / たてと (たて/と) / たてひと (たて/ひと),建,達,立,竪,建:6 達:1 立:1,建 達 立 竪 楯 律,,
でん,2,10,18,でん (でん) / でんぞう (でん/ぞう) / でんいち (でん/いち) / でんじ (でん/じ) / でんじろう (でん/じ/ろう) / でんのすけ (でん/の/すけ),伝,傳,田,鮎,伝:8 傳:7 田:1,伝 傳 田 鮎 年 電,,
めぐ,2,3,18,めぐみ (めぐ/み) / めぐる (めぐ/る) / めぐむ (めぐ/む),徳,,,,,徳,,
び,1,11,17,ひびと (ひ/び/と) / かんび (かん/び) / びしん (び/しん) / ゆうび (ゆう/び) / りゅうび (りゅう/び) / たいび (たい/び),美,弥,枇,彌,美:7 弥:1 枇:1,美 弥 枇 彌 梶 未 魅 備,,
あけ,2,11,17,あけお (あけ/お) / あけみ (あけ/み) / あけおみ (あけ/おみ) / あけし (あけ/し) / あけぞう (あけ/ぞう) / あけとよ (あけ/とよ),明,朱,暁,緋,明:9 朱:2 暁:2,明 朱 暁 緋 曙 開 南 旦,,
これ,2,14,17,これきよ (これ/きよ) / これひと (これ/ひと) / これまさ (これ/まさ) / これあき (これ/あき) / これお (これ/お) / これかた (これ/かた),惟,維,伊,之,惟:7 維:4 伊:1,惟 維 伊 之 実 荘 也 時,,
のぼ,2,2,17,のぼる (のぼ/る) / のぼり (のぼ/り),幡,,,,,幡,,
のる,2,1,17,みのる (み/のる),伸,載,騎,駕,,伸 載 騎 駕 祝 乗,,
ぐ,1,13,16,しぐれ (し/ぐ/れ) / つむぐ (つむ/ぐ) / あおぐ (あお/ぐ) / かぐら (か/ぐ/ら) / くまぐす (くま/ぐ/す) / ぐりむ (ぐ/り/む),弘,紅,求,救,,弘 紅 求 救 俱 久,,
かめ,2,15,16,かめぞう (かめ/ぞう) / かめいち (かめ/いち) / かめお (かめ/お) / かめかず (かめ/かず) / かめき (かめ/き) / かめきち (かめ/きち),亀,,,,亀:14,亀,,
にじ,2,4,16,くにじろう (く/にじ/ろう) / くにじ (く/にじ) / にじろう (にじ/ろう) / にじひこ (にじ/ひこ),虹,,,,虹:3,虹,,
まり,2,3,16,まりお (まり/お) / こまり (こ/まり) / まりひこ (まり/ひこ),毬,球,,,,毬 球,,
ゆめ,2,9,16,ゆめと (ゆめ/と) / ゆめき (ゆめ/き) / ゆめあき (ゆめ/あき) / ゆめきち (ゆめ/きち) / ゆめじ (ゆめ/じ) / ゆめたか (ゆめ/たか),夢,努,,,夢:11,夢 努,,
ず,1,6,15,かず (か/ず) / はずき (は/ず/き) / はずま (は/ず/ま) / おずの (お/ず/の) / ずい (ず/い) / りずむ (り/ず/む),途,杜,受,図,,途 杜 受 図 事 豆 鶴 珠,,
ぎょ,2,10,15,ぎょうじ (ぎょ/う/じ) / ぎょう (ぎょ/う) / えんぎょ (えん/ぎょ) / かくぎょう (かく/ぎょ/う) / ぎぎょう (ぎ/ぎょ/う) / ぎょういち (ぎょ/う/いち),語,御,,,,語 御,,
ごん,2,11,15,ごん (ごん) / ごんいちろう (ごん/いち/ろう) / あごん (あ/ごん) / きょうごん (きょ/う/ごん) / ごんいち (ごん/いち) / ごんさく (ごん/さく),権,言,含,琴,権:10 言:1 含:1,権 言 含 琴 勤 嚴 欣 勤,,
たき,2,10,15,たきお (たき/お) / うたき (う/たき) / たきおん (たき/おん) / たきさぶろう (たき/さぶ/ろう) / たきじ (たき/じ) / たきぞう (たき/ぞう),瀧,滝,,,瀧:4 滝:2,瀧 滝,,
まゆ,2,1,15,まゆと (まゆ/と),繭,檀,,,,繭 檀,,
りつ,2,4,15,りつと (りつ/と) / りつお (りつ/お) / こうりつ (こう/りつ) / りつろう (りつ/ろう),律,立,率,栗,律:3,律 立 率 栗,,
あらし,3,1,15,あらし (あらし),嵐,,,,嵐:1,嵐,,
いえ,2,12,14,いえひろ (いえ/ひろ) / よしいえ (よし/いえ) / いえさと (いえ/さと) / いえたか (いえ/たか) / いえなり (いえ/なり) / いえまさ (いえ/まさ),家,宇,宮,門,家:12 宇:2,家 宇 宮 門 房,,
くる,2,8,14,いくる (い/くる) / たくる (た/くる) / つくる (つ/くる) / みくる (み/くる) / あくる (あ/くる) / くるお (くる/お),来,來,徠,,来:3,来 來 徠,,
すぐ,2,3,14,すぐる (すぐ/る) / すぐり (すぐ/り) / ともすぐ (とも/すぐ),直,,,,,直,,
また,2,11,14,またお (また/お) / またぞう (また/ぞう) / またいち (また/いち) / またいちろう (また/いち/ろう) / またきち (また/きち) / またさぶろう (また/さぶ/ろう),又,也,奎,加,又:12,又 也 奎 加,,
やま,2,1,14,やまと (やま/と),山,,,,,山,,
ひゅう,3,7,14,ひゅうが (ひゅう/が) / ひゅうご (ひゅう/ご) / ひゅうま (ひゅう/ま) / ひゅう (ひゅう) / ひゅうたろう (ひゅう/た/ろう) / ひゅうと (ひゅう/と),彪,,,,彪:2,彪,,
かの,2,5,13,たかのすけ (た/かの/すけ) / たかのしん (た/かの/しん) / かのきち (かの/きち) / かのとし (かの/とし) / たかのじょう (た/かの/じょう),彼,,,,,彼,,
さつ,2,3,13,さつと (さつ/と) / さつお (さつ/お) / さつじ (さつ/じ),颯,察,皐,,颯:3 察:1,颯 察 皐,,
じつ,2,6,13,じつお (じつ/お) / じつぞう (じつ/ぞう) / じつたろう (じつ/た/ろう) / じつろう (じつ/ろう) / じゅうじつ (じゅ/う/じつ) / とくじつ (とく/じつ),実,實,日,十,実:4 實:3,実 實 日 十,,
つか,2,3,13,つかさ (つか/さ) / たけつか (たけ/つか) / ひろつか (ひろ/つか),緑,良,策,,,緑 良 策,,
なか,2,13,13,あきなか (あき/なか) / かずなか (かず/なか) / としなか (とし/なか) / なかごろう (なか/ご/ろう) / なかさぶろう (なか/さぶ/ろう) / なかすけ (なか/すけ),仲,中,央,良,仲:6 中:2 央:2,仲 中 央 良 陽 心 務 極,,
ばん,2,7,13,ばん (ばん) / ばんり (ばん/り) / あいばん (あい/ばん) / いちばん (いち/ばん) / ばんじ (ばん/じ) / ばんじょう (ばん/じょ/う),伴,磐,萬,万,伴:4 磐:1 萬:1 万:1,伴 磐 萬 万 満 絆 蕃,,
ふゆ,2,9,13,みちふゆ (みち/ふゆ) / さだふゆ (さだ/ふゆ) / ちふゆ (ち/ふゆ) / ふゆあき (ふゆ/あき) / ふゆかぜ (ふゆ/かぜ) / ふゆきち (ふゆ/きち),冬,生,那,,冬:9,冬 生 那,,
まし,2,4,13,たまし (た/まし) / くまし (く/まし) / ましと (まし/と) / ましほ (まし/ほ),益,,,,,益,,
ひびき,3,1,13,ひびき (ひびき),響,韻,,,響:1,響 韻,,
かみ,2,1,12,たかみ (た/かみ),葉,守,神,上,,葉 守 神 上 竜 正 昇 天,,
さた,2,4,12,あさたろう (あ/さた/ろう) / まさたろう (ま/さた/ろう) / ひさたろう (ひ/さた/ろう) / まさた (ま/さた),究,,,,,究,,
すばる,3,1,12,すばる (すばる),昴,,,,,昴,,
いそ,2,8,11,いそお (いそ/お) / いそみ (いそ/み) / いそいち (いそ/いち) / いそきち (いそ/きち) / いそし (いそ/し) / いそしろう (いそ/し/ろう),磯,勤,石,,磯:2,磯 勤 石,,
うち,2,7,11,こうち (こ/うち) / しょうち (しょ/うち) / りょうち (りょ/うち) / うちか (うち/か) / ぎょうち (ぎょ/うち) / そうち (そ/うち),衷,家,中,内,,衷 家 中 内,,
くむ,2,4,11,たくむ (た/くむ) / いくむ (い/くむ) / みくむ (み/くむ) / るくむ (る/くむ),汲,,,,,汲,,
たん,2,8,11,たん (たん) / たんじろう (たん/じ/ろう) / たんぞう (たん/ぞう) / ぎたん (ぎ/たん) / そうたん (そう/たん) / たんいち (たん/いち),丹,淡,鍛,湛,丹:2 淡:2 鍛:1 湛:1 端:1,丹 淡 鍛 湛 端 檀 灘 旦,,
つむ,2,4,11,あつむ (あ/つむ) / つむぐ (つむ/ぐ) / つむなが (つむ/なが) / むつむ (む/つむ),万,稔,積,,万:1,万 稔 積,,
とめ,2,8,11,とめお (とめ/お) / とめじ (とめ/じ) / もとめ (も/とめ) / とめいち (とめ/いち) / とめきち (とめ/きち) / とめのすけ (とめ/の/すけ),徠,,,,,徠,,
びん,2,11,11,えいびん (えい/びん) / たつびん (たつ/びん) / ちょうびん (ちょ/う/びん) / ていびん (てい/びん) / びん (びん) / びんいち (びん/いち),敏,,,,敏:10,敏,,
まれ,2,6,11,ほまれ (ほ/まれ) / まれお (まれ/お) / まれあき (まれ/あき) / まれし (まれ/し) / まれすけ (まれ/すけ) / まれと (まれ/と),希,稀,少,鮮,希:4,希 稀 少 鮮,,
うめ,2,9,10,うめわか (うめ/わか) / うめかず (うめ/かず) / うめきち (うめ/きち) / うめじ (うめ/じ) / うめぞう (うめ/ぞう) / うめたろう (うめ/た/ろう),梅,,,,梅:10,梅,,
なぎ,2,7,10,なぎさ (なぎ/さ) / なぎと (なぎ/と) / なぎら (なぎ/ら) / いなぎ (い/なぎ) / なぎし (なぎ/し) / なぎせ (なぎ/せ),凪,渚,梛,椛,凪:5 渚:1,凪 渚 梛 椛,,
はれ,2,5,10,はれまさ (はれ/まさ) / きはれ (き/はれ) / すみはれ (すみ/はれ) / はれひ (はれ/ひ) / はれよし (はれ/よし),晴,,,,晴:6,晴,,
つばさ,3,1,10,つばさ (つばさ),翼,羽,,,翼:1,翼 羽,,
べ,1,9,9,おりべ (おり/べ) / ごんべえ (ごん/べ/え) / じゅうべえ (じゅう/べ/え) / ぜんべえ (ぜん/べ/え) / ちゅうべえ (ちゅう/べ/え) / ちょうべえ (ちょう/べ/え),辺,,,,,辺,,
うん,2,8,9,しょうん (しょ/うん) / うんいち (うん/いち) / うんじゅうろう (うん/じゅう/ろう) / うんすい (うん/すい) / かいうん (かい/うん) / せいうん (せい/うん),雲,運,溫,温,雲:5 運:2,雲 運 溫 温 芸 均,,
おお,2,5,9,おおみ (おお/み) / なおお (な/おお) / おおぞら (おお/ぞ/ら) / おおよう (おお/よう) / きおお (き/おお),大,碩,太,巨,大:4,大 碩 太 巨,,
がん,2,7,9,がん (がん) / がんくろう (がん/く/ろう) / がんじ (がん/じ) / がんじゅうろう (がん/じゅう/ろう) / がんた (がん/た) / がんのすけ (がん/の/すけ),元,丸,巌,巖,元:3 丸:2,元 丸 巌 巖 頑 岩 含,,
くす,2,4,9,くすお (くす/お) / くすいち (くす/いち) / くすひこ (くす/ひこ) / たくす (た/くす),樟,,,,,樟,,
さか,2,6,9,さかえ (さか/え) / さかえまつ (さか/え/まつ) / さかひこ (さか/ひこ) / さかみち (さか/みち) / まさか (ま/さか) / やさか (や/さか),祥,賢,榊,,祥:1,祥 賢 榊,,
すい,2,8,9,しすい (し/すい) / うんすい (うん/すい) / しゅうすい (しゅ/う/すい) / じんすい (じん/すい) / すいご (すい/ご) / めいすい (めい/すい),水,翠,穂,瑞,水:5 翠:1 穂:1 瑞:1,水 翠 穂 瑞 穗 粹 彗 粋,,
づる,2,6,9,ゆづる (ゆ/づる) / いづる (い/づる) / しづる (し/づる) / たづる (た/づる) / つづる (つ/づる) / ひづる (ひ/づる),鶴,,,,鶴:2,鶴,,
ほく,2,2,9,ほくと (ほく/と) / ほくえい (ほく/えい),北,,,,北:3,北,,
みん,2,9,9,けんみん (けん/みん) / じゅうみん (じゅ/う/みん) / しんみん (しん/みん) / せいみん (せい/みん) / ふみんど (ふ/みん/ど) / みんけん (みん/けん),民,明,,,民:6,民 明,,
らく,2,6,9,ひらく (ひ/らく) / あらくま (あ/らく/ま) / らくと (らく/と) / らくの (らく/の) / らくへい (らく/へい) / らくろう (らく/ろう),楽,洛,樂,,楽:4,楽 洛 樂,,
あらた,3,1,9,あらた (あらた),新,鮮,,,新:1,新 鮮,,
かぜ,2,6,8,はるかぜ (はる/かぜ) / きよかぜ (きよ/かぜ) / ちかぜ (ち/かぜ) / ふゆかぜ (ふゆ/かぜ) / まさかぜ (まさ/かぜ) / やすかぜ (やす/かぜ),風,,,,風:5,風,,
かり,2,6,8,ひかり (ひ/かり) / あかり (あ/かり) / かりや (かり/や) / さかり (さ/かり) / てかり (て/かり) / ゆかり (ゆ/かり),田,苗,蒐,権,,田 苗 蒐 権,,
けさ,2,8,8,けさかつ (けさ/かつ) / けさぞう (けさ/ぞう) / けさたろう (けさ/た/ろう) / けさと (けさ/と) / けさのり (けさ/のり) / けさはる (けさ/はる),祇,,,,,祇,,
だす,2,1,8,ただす (た/だす),出,,,,,出,,
なな,2,5,8,ななと (なな/と) / ななせ (なな/せ) / ななせい (なな/せい) / ななは (なな/は) / ななひこ (なな/ひこ),七,,,,七:6,七,,
もつ,2,1,8,たもつ (た/もつ),保,有,持,,,保 有 持,,
ひゃく,3,7,8,ひゃくたろう (ひゃく/た/ろう) / ひゃくお (ひゃく/お) / ひゃくすけ (ひゃく/すけ) / ひゃくぞう (ひゃく/ぞう) / ひゃくだい (ひゃく/だい) / ひゃくのすけ (ひゃく/の/すけ),百,柏,,,百:8,百 柏,,
うむ,2,4,7,ゆうむ (ゆ/うむ) / しょうむ (しょ/うむ) / そうむ (そ/うむ) / どうむ (ど/うむ),生,績,,,,生 績,,
えき,2,6,7,さえき (さ/えき) / えきじ (えき/じ) / えきぞう (えき/ぞう) / すえき (す/えき) / たえき (た/えき) / もえき (も/えき),益,易,,,益:1,益 易,,
くん,2,6,7,くんじ (くん/じ) / くんいち (くん/いち) / くんご (くん/ご) / くんた (くん/た) / くんどう (くん/どう) / しゅんくん (しゅん/くん),薫,勲,訓,薰,薫:4 勲:2 訓:1,薫 勲 訓 薰 君 勳,,
つう,2,7,7,あつうじ (あ/つう/じ) / じゅんつう (じゅん/つう) / ぜんつう (ぜん/つう) / たいつう (たい/つう) / たつう (た/つう) / つうが (つう/が),通,,,,通:5,通,,
つた,2,5,7,かつたろう (か/つた/ろう) / たつたろう (た/つた/ろう) / つたう (つた/う) / まつたろう (ま/つた/ろう) / みつたろう (み/つた/ろう),蔦,,,,,蔦,,
もち,2,7,7,きんもち (きん/もち) / たけもち (たけ/もち) / まさもち (まさ/もち) / もちお (もち/お) / もちかず (もち/かず) / もちなが (もち/なが),望,以,茂,保,望:4 以:2 茂:1,望 以 茂 保 将 操 須 積,,
ゆみ,2,5,7,あゆみ (あ/ゆみ) / ゆみひこ (ゆみ/ひこ) / たかゆみ (たか/ゆみ) / まゆみ (ま/ゆみ) / ゆみの (ゆみ/の),弓,,,,弓:2,弓,,
へ,1,5,6,へいしろう (へ/いし/ろう) / かへえ (か/へ/え) / きへえ (き/へ/え) / へいくろう (へ/いく/ろう) / りへえ (り/へ/え),戸,,,,,戸,,
あま,2,3,6,あまね (あま/ね) / あまつゆ (あま/つゆ) / あまひこ (あま/ひこ),天,雨,海,甘,天:1 雨:1,天 雨 海 甘,,
いろ,2,2,6,ひいろ (ひ/いろ) / いろは (いろ/は),彩,色,温,紅,彩:2,彩 色 温 紅,,
うぶ,2,3,6,しょうぶ (しょ/うぶ) / じょうぶ (じょ/うぶ) / りょうぶ (りょ/うぶ),初,生,,,,初 生,,
うる,2,3,6,そうる (そ/うる) / こうる (こ/うる) / うるは (うる/は),得,潤,,,,得 潤,,
かざ,2,3,6,かざみ (かざ/み) / かざき (かざ/き) / かざと (かざ/と),風,,,,風:5,風,,
しの,2,4,6,しのすけ (しの/すけ) / しのぐ (しの/ぐ) / しのや (しの/や) / としのすけ (と/しの/すけ),篠,要,信,,,篠 要 信,,
ずい,2,4,6,かずい (か/ずい) / ずいほう (ずい/ほう) / ずいしょう (ずい/しょ/う) / ずいまろ (ずい/まろ),瑞,遂,随,,瑞:3,瑞 遂 随,,
そん,2,6,6,ごうそん (ごう/そん) / そん (そん) / そんきょう (そん/きょ/う) / そんしん (そん/しん) / そんだい (そん/だい) / たいそん (たい/そん),尊,巽,存,寸,尊:4,尊 巽 存 寸 村,,
たし,2,3,6,かたし (か/たし) / つたし (つ/たし) / たしろう (たし/ろう),達,,,,,達,,
ちえ,2,4,6,いちえ (い/ちえ) / きちえ (き/ちえ) / ちえのり (ちえ/のり) / みちえ (み/ちえ),智,,,,智:1,智,,
つら,2,6,6,かつら (か/つら) / かつらお (か/つら/お) / しげつら (しげ/つら) / つらゆき (つら/ゆき) / みちつら (みち/つら) / ゆきつら (ゆき/つら),貫,麗,航,貞,貫:2,貫 麗 航 貞 定 糸 烈,,
なえ,2,3,6,かなえ (か/なえ) / きくなえ (きく/なえ) / さなえ (さ/なえ),苗,,,,苗:2,苗,,
のん,2,5,6,れのん (れ/のん) / えのん (え/のん) / しのん (し/のん) / じゅのん (じゅ/のん) / りのん (り/のん),暖,,,,暖:1,暖,,
まと,2,2,6,あまと (あ/まと) / まとい (まと/い),侯,,,,,侯,,
のぞむ,3,1,6,のぞむ (のぞむ),望,臨,希,,,望 臨 希,,
げ,1,4,5,しげ (し/げ) / げき (げ/き) / しんげ (しん/げ) / なげし (な/げ/し),華,夏,牙,,,華 夏 牙,,
あず,2,3,5,あずま (あず/ま) / あずさ (あず/さ) / あずり (あず/り),梓,,,,,梓,,
ある,2,3,5,あると (ある/と) / あるむ (ある/む) / れある (れ/ある),有,在,存,,有:2,有 在 存,,
うえ,2,4,5,こうえ (こ/うえ) / きうえ (き/うえ) / しゅうえ (しゅ/うえ) / そうえ (そ/うえ),上,高,,,,上 高,,
うら,2,4,5,ゆうら (ゆ/うら) / うらたろう (うら/た/ろう) / うらと (うら/と) / りうら (り/うら),浦,心,末,,浦:2,浦 心 末,,
がい,2,5,5,がいいち (がい/いち) / がいすけ (がい/すけ) / がいと (がい/と) / がいは (がい/は) / けいがい (けい/がい),凱,亥,,,凱:3,凱 亥,,
くき,2,3,5,りくき (り/くき) / くきお (くき/お) / たくき (た/くき),茎,,,,,茎,,
くれ,2,4,5,くれお (くれ/お) / くれいち (くれ/いち) / くれじ (くれ/じ) / くれの (くれ/の),紅,,,,紅:1,紅,,
ころ,2,1,5,こころ (こ/ころ),比,,,,,比,,
こん,2,5,5,うこん (う/こん) / こん (こん) / こんごう (こん/ごう) / さこん (さ/こん) / さこんじ (さ/こん/じ),近,金,欣,紺,近:3 金:1,近 金 欣 紺 建 献 渾 根,,
ざい,2,5,5,ざい (ざい) / ざいおん (ざい/おん) / ざいき (ざい/き) / ざいけん (ざい/けん) / ざいじろう (ざい/じ/ろう),在,材,,,在:4,在 材,,
さわ,2,5,5,さわお (さわ/お) / さわき (さわ/き) / さわと (さわ/と) / さわのり (さわ/のり) / まさわき (ま/さわ/き),沢,爽,皐,,沢:2 爽:1,沢 爽 皐,,
なん,2,5,5,けいなん (けい/なん) / こうなん (こう/なん) / じなんまる (じ/なん/まる) / なんきち (なん/きち) / なんじ (なん/じ),南,男,楠,納,南:4 男:1,南 男 楠 納,,
にち,2,3,5,にちか (にち/か) / にちた (にち/た) / にちと (にち/と),日,,,,日:2,日,,
べい,2,5,5,いちろうべい (いち/ろう/べい) / きんべい (きん/べい) / ごろうべい (ご/ろう/べい) / さぶろうべい (さぶ/ろう/べい) / しょうべい (しょ/う/べい),米,,,,,米,,
むら,2,3,5,むらお (むら/お) / むらじ (むら/じ) / むらた (むら/た),村,紫,樹,祐,村:1,村 紫 樹 祐 福 城 宣 郷,,
もえ,2,2,5,ともえ (と/もえ) / もえと (もえ/と),萌,萠,,,萌:2,萌 萠,,
やし,2,2,5,はやし (は/やし) / やしろう (やし/ろう),椰,,,,,椰,,
よむ,2,4,5,きよむ (き/よむ) / そよむ (そ/よむ) / つよむ (つ/よむ) / とよむ (と/よむ),詠,訓,,,,詠 訓,,
のぞみ,3,1,5,のぞみ (のぞみ),望,希,,,,望 希,,
はじむ,3,1,5,はじむ (はじむ),基,創,,,,基 創,,
ぞ,1,4,4,あおぞら (あお/ぞ/ら) / おおぞら (おお/ぞ/ら) / かつぞ (かつ/ぞ) / ぞう (ぞ/う),曽,,,,,曽,,
いか,2,3,4,あいか (あ/いか) / さいか (さ/いか) / たいか (た/いか),昭,,,,,昭,,
いづ,2,3,4,いづみ (いづ/み) / いづお (いづ/お) / ひいづ (ひ/いづ),出,,,,,出,,
いな,2,3,4,かいな (か/いな) / いなじろう (いな/じ/ろう) / いなぞう (いな/ぞう),稲,稻,,,稲:2,稲 稻,,
いん,2,2,4,けいん (け/いん) / れいん (れ/いん),允,音,韻,寅,允:2 音:1,允 音 韻 寅 胤 引 均,,
おく,2,4,4,おくたろう (おく/た/ろう) / おくと (おく/と) / おくやす (おく/やす) / おくろう (おく/ろう),釈,沃,,,,釈 沃,,
きず,2,3,4,きずく (きず/く) / きずき (きず/き) / きずな (きず/な),創,,,,,創,,
くも,2,4,4,たくも (た/くも) / つくも (つ/くも) / とくも (と/くも) / やくも (や/くも),雲,,,,雲:1,雲,,
じっ,2,2,4,じっせい (じっ/せい) / じった (じっ/た),十,,,,,十,,
すが,2,3,4,すがお (すが/お) / かすが (か/すが) / さすが (さ/すが),清,菅,廉,,清:1,清 菅 廉,,
ちく,2,4,4,ちくさ (ちく/さ) / ちくへい (ちく/へい) / ちくま (ちく/ま) / ちくろう (ちく/ろう),柚,軸,竹,,,柚 軸 竹,,
つえ,2,3,4,かつえ (か/つえ) / きつえ (き/つえ) / たつえ (た/つえ),策,,,,,策,,
てき,2,1,4,たてき (た/てき),躍,擢,迪,笛,,躍 擢 迪 笛 適 荻 滴,,
なら,2,4,4,ならいち (なら/いち) / ならう (なら/う) / ならしげ (なら/しげ) / ならひこ (なら/ひこ),楢,,,,楢:3,楢,,
のう,2,3,4,のうき (のう/き) / いのう (い/のう) / かのう (か/のう),能,納,内,生,能:3,能 納 内 生,,
べん,2,4,4,べん (べん) / べんさぶろう (べん/さぶ/ろう) / べんじろう (べん/じ/ろう) / べんぞう (べん/ぞう),勉,弁,綿,勉,勉:2 弁:2,勉 弁 綿 勉,,
ぼう,2,4,4,いぼう (い/ぼう) / きぼう (き/ぼう) / こうぼう (こう/ぼう) / りぼう (り/ぼう),望,夢,萌,萠,望:4,望 夢 萌 萠 孟 眸 昴 茂,,
ほず,2,3,4,ほずま (ほず/ま) / ほずき (ほず/き) / ほずと (ほず/と),秀,,,,秀:3,秀,,
むぎ,2,2,4,つむぎ (つ/むぎ) / むぎた (むぎ/た),麦,,,,麦:1,麦,,
やつ,2,3,4,やつひろ (やつ/ひろ) / やつか (やつ/か) / やつのり (やつ/のり),八,,,,八:4,八,,
ぜ,1,3,3,かぜ (か/ぜ) / らんぜ (らん/ぜ) / りんぜ (りん/ぜ),然,,,,,然,,
あし,2,2,3,あしへい (あし/へい) / あしと (あし/と),葦,芦,足,,葦:2 芦:1,葦 芦 足,,
いね,2,2,3,らいね (ら/いね) / いねじろう (いね/じ/ろう),稲,禾,稻,,稲:1,稲 禾 稻,,
うな,2,3,3,こうな (こ/うな) / しゅうな (しゅ/うな) / まうな (ま/うな),海,,,,,海,,
かば,2,1,3,なかば (な/かば),椛,樺,,,,椛 樺,,
くり,2,3,3,あくり (あ/くり) / くりす (くり/す) / くりのすけ (くり/の/すけ),栗,,,,栗:1,栗,,
くわ,2,3,3,くわじ (くわ/じ) / くわたろう (くわ/た/ろう) / ろくわ (ろ/くわ),桑,,,,,桑,,
こし,2,2,3,こしろう (こし/ろう) / ひこしろう (ひ/こし/ろう),来,越,來,,,来 越 來,,
さえ,2,3,3,さえはち (さえ/はち) / ささえ (さ/さえ) / まさえ (ま/さえ),朗,冴,,,,朗 冴,,
ささ,2,3,3,ささぐ (ささ/ぐ) / ささご (ささ/ご) / ささひろ (ささ/ひろ),笹,楽,篠,,笹:1,笹 楽 篠,,
たえ,2,3,3,あたえ (あ/たえ) / ただたえ (ただ/たえ) / つたえ (つ/たえ),克,妙,紗,才,克:1,克 妙 紗 才 巧 糸 布,,
たす,2,2,3,はたす (は/たす) / いたす (い/たす),足,,,,,足,,
にい,2,3,3,にいな (にい/な) / にいの (にい/の) / にいのぶ (にい/のぶ),新,,,,新:2,新,,
にん,2,2,3,そうにん (そう/にん) / けいにん (けい/にん),仁,忍,稔,人,仁:2 忍:1,仁 忍 稔 人 任 壬,,
ねん,2,3,3,しんねん (しん/ねん) / ねん (ねん) / ねんじ (ねん/じ),稔,念,然,鮎,稔:2 念:1,稔 念 然 鮎 年,,
はっ,2,3,3,はっこう (はっ/こう) / はっさく (はっ/さく) / はっせい (はっ/せい),法,,,,,法,,
ゆく,2,3,3,ゆくお (ゆく/お) / ゆくと (ゆく/と) / ゆくま (ゆく/ま),征,行,之,如,征:2 行:1,征 行 之 如 適 往 路 雲,,
ろん,2,2,3,あろん (あ/ろん) / ひろんど (ひ/ろん/ど),綸,,,,,綸,,
きわむ,3,1,3,きわむ (きわむ),究,,,,究:1,究,,
じゅっ,3,3,3,じゅっき (じゅっ/き) / じゅっこく (じゅっ/こく) / じゅった (じゅっ/た),十,,,,十:2,十,,
つばき,3,1,3,つばき (つばき),椿,,,,,椿,,
みどり,3,1,3,みどり (みどり),翠,碧,緑,綠,翠:1 碧:1,翠 碧 緑 綠,,
あか,2,2,2,あかつき (あか/つき) / あかひと (あか/ひと),赤,緋,丹,朱,赤:1,赤 緋 丹 朱 茜 暁 紅,,
あぐ,2,1,2,あぐり (あぐ/り),称,,,,,称,,
うろ,2,2,2,じゅうろうた (じゅ/うろ/うた) / ゆうろ (ゆ/うろ),空,,,,,空,,
える,2,2,2,えると (える/と) / のえる (の/える),選,得,,,,選 得,,
おの,2,1,2,なおのすけ (な/おの/すけ),自,,,,,自,,
かう,2,2,2,たかう (た/かう) / ちかう (ち/かう),交,支,,,,交 支,,
きぬ,2,2,2,きぬじ (きぬ/じ) / きぬじろう (きぬ/じ/ろう),絹,衣,侯,,絹:2,絹 衣 侯,,
きる,2,2,2,いきる (い/きる) / りきる (り/きる),衣,著,,,,衣 著,,
けち,2,1,2,たけちよ (た/けち/よ),結,,,,,結,,
こま,2,2,2,こまお (こま/お) / こまのすけ (こま/の/すけ),駒,,,,駒:2,駒,,
ざえ,2,2,2,ござえもん (ご/ざえ/もん) / だいざえもん (だい/ざえ/もん),才,,,,,才,,
しか,2,2,2,しかと (しか/と) / しかのすけ (しか/の/すけ),鹿,然,,,鹿:1,鹿 然,,
しな,2,2,2,しないち (しな/いち) / しなのじょう (しな/の/じょう),品,科,色,枝,品:2,品 科 色 枝 程 等,,
しば,2,2,2,しばさぶろう (しば/さぶ/ろう) / しばひこ (しば/ひこ),芝,,,,,芝,,
すぎ,2,1,2,すぎお (すぎ/お),杉,,,,杉:2,杉,,
そく,2,2,2,きゅうそく (きゅう/そく) / げんそく (げん/そく),則,速,趣,足,則:1,則 速 趣 足,,
たり,2,2,2,きよたり (きよ/たり) / ともたり (とも/たり),足,,,,足:2,足,,
つい,2,2,2,かつい (か/つい) / たつい (た/つい),椎,,,,,椎,,
つよ,2,2,2,つよひと (つよ/ひと) / みつよ (み/つよ),健,豪,厳,務,,健 豪 厳 務 烈,,
とせ,2,2,2,ちとせ (ち/とせ) / ひとせ (ひ/とせ),歳,年,,,歳:1,歳 年,,
ない,2,2,2,きない (き/ない) / きゅうない (きゅう/ない),内,奈,乃,,内:2,内 奈 乃,,
なだ,2,2,2,なだお (なだ/お) / なだか (なだ/か),洋,灘,,,洋:1,洋 灘,,
にえ,2,1,2,くにえ (く/にえ),摯,,,,,摯,,
にし,2,2,2,えにし (え/にし) / くにしろう (く/にし/ろう),西,,,,,西,,
ぬい,2,2,2,いぬい (い/ぬい) / ぬいたろう (ぬい/た/ろう),縫,,,,縫:1,縫,,
ねい,2,2,2,つねい (つ/ねい) / ねいと (ねい/と),寧,,,,寧:1,寧,,
のく,2,2,2,えのく (え/のく) / みちのくお (みち/のく/お),仰,,,,,仰,,
はま,2,2,2,はまお (はま/お) / はまのすけ (はま/の/すけ),浜,,,,浜:2,浜,,
ふき,2,1,2,ふきお (ふき/お),蕗,,,,,蕗,,
ふた,2,2,2,ふたお (ふた/お) / ふたば (ふた/ば),二,双,両,,二:1 双:1,二 双 両,,
ふる,2,2,2,ちふる (ち/ふる) / よしふる (よし/ふる),振,雨,両,,振:1,振 雨 両,,
ほし,2,2,2,ほしあ (ほし/あ) / ほしろう (ほし/ろう),星,斗,,,星:1,星 斗,,
ぼん,2,2,2,ぼん (ぼん) / ぼんだい (ぼん/だい),凡,門,,,凡:2,凡 門,,
むい,2,1,2,かむい (か/むい),六,,,,,六,,
れき,2,2,2,あれき (あ/れき) / れきじ (れき/じ),暦,曆,,,暦:1,暦 曆,,
わか,2,1,2,うめわか (うめ/わか),新,湧,童,王,,新 湧 童 王 分,,
わし,2,2,2,くわし (く/わし) / こわし (こ/わし),鷲,,,,,鷲,,
たのし,3,1,2,たのし (たのし),喜,凱,,,,喜 凱,,
ふびと,3,1,2,ふびと (ふびと),史,,,,史:1,史,,
やわら,3,1,2,やわら (やわら),柔,,,,柔:1,柔,,
ぬ,1,1,1,ぬい (ぬ/い),淳,埜,野,,,淳 埜 野,,
ぼ,1,1,1,ふぼみち (ふ/ぼ/みち),牡,,,,,牡,,
あじ,2,1,1,あじあ (あじ/あ),味,,,,,味,,
あめ,2,1,1,あめひこ (あめ/ひこ),雨,天,,,雨:1,雨 天,,
うね,2,1,1,ちうね (ち/うね),采,,,,,采,,
えり,2,1,1,えりや (えり/や),襟,領,衿,,,襟 領 衿,,
かが,2,1,1,かがや (かが/や),香,利,,,,香 利,,
かっ,2,1,1,かっしょう (かっ/しょ/う),合,,,,,合,,
がつ,2,1,1,じゅうがつ (じゅ/う/がつ),月,,,,,月,,
かど,2,1,1,まさかど (まさ/かど),廉,稜,才,門,,廉 稜 才 門 角,,
きつ,2,1,1,あきつ (あ/きつ),橘,吉,桔,契,,橘 吉 桔 契,,
くろ,2,1,1,みくろ (み/くろ),玄,,,,,玄,,
げい,2,1,1,ぶんげい (ぶん/げい),芸,鯨,迎,,芸:1,芸 鯨 迎,,
こく,2,1,1,じゅっこく (じゅっ/こく),刻,国,穀,谷,刻:1,刻 国 穀 谷 國 克 可 告,,
ごく,2,1,1,まんごく (まん/ごく),玉,極,,,,玉 極,,
こす,2,1,1,こすも (こす/も),超,越,,,,超 越,,
この,2,1,1,このすけ (この/すけ),之,,,,,之,,
さな,2,1,1,さなと (さな/と),真,眞,,,真:1,真 眞,,
さめ,2,1,1,さめとき (さめ/とき),雨,醒,,,雨:1,雨 醒,,
さら,2,1,1,きさら (き/さら),新,更,,,,新 更,,
しゃ,2,1,1,じゅうしゃ (じゅ/う/しゃ),紗,沙,砂,社,,紗 沙 砂 社 柘 車,,
じゃ,2,1,1,じゃく (じゃ/く),若,社,,,,若 社,,
すう,2,1,1,すうえい (すう/えい),崇,嵩,枢,,崇:1,崇 嵩 枢,,
すな,2,1,1,あすな (あ/すな),沙,砂,,,,沙 砂,,
ぞん,2,1,1,ぞん (ぞん),存,,,,存:1,存,,
たち,2,1,1,たちお (たち/お),立,達,質,資,立:1,立 達 質 資,,
たに,2,1,1,たにごろう (たに/ご/ろう),谷,渓,,,谷:1,谷 渓,,
つち,2,1,1,まつち (ま/つち),土,椎,地,,土:1,土 椎 地,,
つめ,2,1,1,なつめ (な/つめ),甲,,,,,甲,,
つゆ,2,1,1,あまつゆ (あま/つゆ),露,,,,露:1,露,,
とが,2,1,1,とがま (とが/ま),科,,,,,科,,
とん,2,1,1,ことんど (こ/とん/ど),純,敦,惇,団,,純 敦 惇 団,,
どん,2,1,1,ごうどん (ごう/どん),灯,燈,,,,灯 燈,,
なぐ,2,1,1,なぐも (なぐ/も),和,凪,,,,和 凪,,
なし,2,1,1,つなし (つ/なし),梨,,,,,梨,,
はい,2,1,1,はいま (はい/ま),妃,唄,拝,拜,,妃 唄 拝 拜 俳 培 北,,
はね,2,1,1,はねと (はね/と),羽,跳,,,羽:1,羽 跳,,
ひる,2,1,1,まひる (ま/ひる),昼,午,日,,昼:1,昼 午 日,,
ひん,2,1,1,せいひん (せい/ひん),彬,浜,稟,品,彬:1,彬 浜 稟 品,,
ぼく,2,1,1,ぼくろう (ぼく/ろう),朴,睦,墨,木,朴:1,朴 睦 墨 木 目,,
まど,2,1,1,まどか (まど/か),円,,,,,円,,
みそ,2,1,1,みそじ (みそ/じ),衣,,,,,衣,,
やく,2,1,1,やくれい (やく/れい),躍,燎,益,,,躍 燎 益,,
やる,2,1,1,はやる (は/やる),行,,,,,行,,
ゆる,2,1,1,ゆるぐ (ゆる/ぐ),揺,,,,,揺,,
よん,2,1,1,きよんど (き/よん/ど),四,,,,,四,,
りち,2,1,1,りちお (りち/お),律,,,,,律,,
れつ,2,1,1,れつどう (れつ/どう),烈,,,,烈:1,烈,,
わね,2,1,1,いわね (い/わね),羽,,,,,羽,,
あらわ,3,1,1,あらわ (あらわ),露,,,,,露,,
うける,3,1,1,うける (うける),享,承,領,稟,享:1,享 承 領 稟 受,,
かえで,3,1,1,かえで (かえで),楓,,,,楓:1,楓,,
かなで,3,1,1,かなで (かなで),奏,,,,奏:1,奏,,
かぶと,3,1,1,かぶと (かぶと),兜,甲,,,,兜 甲,,
きのと,3,1,1,きのと (きのと),乙,,,,乙:1,乙,,
ぎょう,3,1,1,しょうぎょう (しょ/う/ぎょう),楽,暁,驍,尭,,楽 暁 驍 尭 堯 曉 迎 行,,
たがう,3,1,1,したがう (し/たがう),爽,,,,,爽,,
つどい,3,1,1,つどい (つどい),集,,,,集:1,集,,
なごみ,3,1,1,なごみ (なごみ),和,,,,,和,,
なごむ,3,1,1,なごむ (なごむ),和,,,,和:1,和,,
はこぶ,3,1,1,はこぶ (はこぶ),運,,,,運:1,運,,
はずむ,3,1,1,はずむ (はずむ),弾,,,,弾:1,弾,,
ひじり,3,1,1,ひじり (ひじり),聖,,,,聖:1,聖,,
びゃく,3,1,1,びゃくや (びゃく/や),白,柏,,,白:1,白 柏,,
びょう,3,1,1,ちょうびょう (ちょ/う/びょう),平,妙,苗,,,平 妙 苗,,
まがね,3,1,1,まがね (まがね),鉄,,,,鉄:1,鉄,,
よろず,3,1,1,よろず (よろず),萬,万,,,萬:1,萬 万,,
